report_date,ADANIENT,ADANIPORTS,AMBUJACEM,APOLLOHOSP,ASIANPAINT,AUROPHARMA,AXISBANK,BAJAJ-AUTO,BAJAJFINSV,BAJFINANCE,BEL,BHARTIARTL,CIPLA,COALINDIA,DIVISLAB,DRREDDY,EICHERMOT,GAIL,GRASIM,HCLTECH,HDFCBANK,HDFCLIFE,HINDALCO,HINDPETRO,HINDUNILVR,ICICIBANK,INDUSINDBK,INFY,IOC,ITC,JIOFIN,JSWSTEEL,KOTAKBANK,LT,LUPIN,M&M,MARUTI,NESTLEIND,NTPC,ONGC,POWERGRID,RELIANCE,SBIN,SHREECEM,SUNPHARMA,TATACONSUM,TATASTEEL,TCS,TECHM,TITAN,TMPV,ULTRACEMCO,UPL,WIPRO
31-03-18,,2070951761,,,959197790,,,289367020,,577968388,,3997400102,805119164,,,165910907,27255549,,657371435,1392246384,,2011740043,2244962902,1523822625,2164528777,6427990776,600223187,2184114257,,,,,,1401369456,,1243192544,302080060,96415716,8245464400,12833235180,5231589648,6334651022,,34837225,2399323180,631129729,1204119440,1914287591,979733808,887786160,2887348694,274613985,509333081,4523784491
30-06-18,1099810083,2070951761,1985645229,139125159,959197790,585907609,2567940686,289367020,159135097,577968388,2436592943,3997400107,805191188,6207409177,265468580,165973228,27266300,2255070933,657578253,1392406704,2604157867,2012517697,2245051892,1523822625,2164633806,6431732828,600437982,2184127091,9711809928,,,2417220440,1906131883,1401727601,452140064,1243192544,302080060,96415716,8245464400,12833235180,5231589648,6336398954,8924587534,34837225,2399324494,631129729,1204119440,3828575182,979733808,887786160,2887348694,274619071,509342670,4523995447
06-09-18,1099810083,2070951761,1985645229,139125159,959197790,585907609,2567940686,289367020,159135097,577968388,2436592943,3997400107,805191188,6207409177,265468580,165973228,27266300,2255070933,657578253,1392406704,2604157867,2012517697,2245051892,1523822625,2164633806,6431732828,600437982,4368382980,9711809928,,,2417220440,1906131883,1401727601,452140064,1243192544,302080060,96415716,8245464400,12833235180,5231589648,6336398954,8924587534,34837225,2399324494,631129729,1204119440,3828575182,979733808,887786160,2887348694,274619071,509342670,4523995447
30-09-18,1099810083,2070951761,1985645229,139125159,959197790,585907609,2569115216,289367020,159136111,577968388,2436592943,3997400107,805227852,6207409177,265468580,166045857,27268603,2255070933,657591288,1392521664,2717176187,2013907962,2245349407,1523822625,2164648943,6435132059,601296202,4368382980,9711809928,,,2417220440,1907004130,1401727601,452193625,1243192544,302080060,96415716,8245464400,12833235180,5231589648,6338440341,8924587534,34837225,2399324674,631129729,1204119926,3752384706,980798811,887786160,2887348694,274625869,509342670,4524079523
31-12-18,1099810083,2070951761,1985645229,139125159,959197790,585907609,2569909771,289367020,159136111,577968388,2436592943,3997400107,805667509,6207409177,265468580,166060861,27275653,2255070934,657591288,1356261268,2719501383,2017256697,2245512385,1523822625,2164648943,6440817054,602082563,4368647898,9711809928,,,2417220440,1907544110,1402220289,452405376,1243192544,302080060,96415716,8245464400,12833235180,5231589648,6338561852,8924587534,34837225,2399328274,631129729,1204125710,3752384706,981249832,887786160,2887348694,274635762,509342670,4525022173
14-02-19,1099810083,2070951761,1985645229,139125159,959197790,585907609,2569909771,289367020,159136111,577968388,2436592943,3997400107,805667509,6207409177,265468580,166060861,27275653,2255070934,657591288,1356261268,2719501383,2017256697,2245512385,1523822625,2164648943,6440817054,602082563,4368647898,9414158922,,,2417220440,1907544110,1402220289,452405376,1243192544,302080060,96415716,8245464400,12833235180,5231589648,6338561852,8924587534,34837225,2399328274,631129729,1204125710,3752384706,981249832,887786160,2887348694,274635762,509342670,4525022173
08-03-19,1099810083,2070951761,1985645229,139125159,959197790,585907609,2569909771,289367020,159136111,577968388,2436592943,3997400107,805667509,6207409177,265468580,166060861,27275653,2255070934,657591288,1356261268,2719501383,2017256697,2245512385,1523822625,2164648943,6440817054,602082563,4368647898,9414158922,,,2417220440,1907544110,1402220289,452405376,1243192544,302080060,96415716,8245464400,12833235180,5231589648,6338561852,8924587534,34837225,2399328274,631129729,1204125710,3752384706,981249832,887786160,2887348694,274635762,509342670,6033876721
23-03-19,1099810083,2070951761,1985645229,139125159,959197790,585907609,2569909771,289367020,159136111,577968388,2436592943,3997400107,805667509,6207409177,265468580,166060861,27275653,2255070934,657591288,1356261268,2719501383,2017256697,2245512385,1523822625,2164648943,6440817054,602082563,4368647898,9414158922,,,2417220440,1907544110,1402220289,452405376,1243192544,302080060,96415716,9894557280,12833235180,5231589648,6338561852,8924587534,34837225,2399328274,631129729,1204125710,3752384706,981249832,887786160,2887348694,274635762,509342670,6033876721
31-03-19,1099810083,2070951761,1985645229,139125159,959197790,585915609,2571644871,289367020,159136111,577968388,2436592943,3997400107,805701266,6162728327,265468580,166065948,27283473,2274337216,657598363,1356278868,2723306610,2017381157,2245530245,1523822625,2164704405,6446239653,602686868,4361733444,9414158922,,,2417220440,1908754827,1402729385,452493697,1243192544,302080060,96415716,9894557280,12580279206,5231589648,6338693823,8924611534,34837225,2399334970,631129729,1204126385,3752384706,983362470,887786160,2887348694,274642720,509342670,6033935388
28-05-19,1099810083,2070951761,1985645229,139125159,959197790,585915609,2571644871,289367020,159136111,577968388,2436592943,5130991182,805701266,6162728327,265468580,166065948,27283473,2274337216,657598363,1356278868,2723306610,2017381157,2245530245,1523822625,2164704405,6446239653,602686868,4361733444,9414158922,,,2417220440,1908754827,1402729385,452493697,1243192544,302080060,96415716,9894557280,12580279206,5231589648,6338693823,8924611534,34837225,2399334970,631129729,1204126385,3752384706,983362470,887786160,2887348694,274642720,509342670,6033935388
30-06-19,1099810083,2070951761,1985645229,139125159,959197790,585915609,2619519511,289367020,159136111,579894198,2436592943,5130991182,805828425,6162728327,265468580,166113840,27288952,4552004996,657609040,1356278868,2732812271,2017489149,2245845916,1523822625,2164801037,6452596296,603138942,4295042444,9414158922,,,2417220440,1909336730,1403091278,452590752,1243192544,302080060,96415716,9894557280,12580279206,5231589648,6339038430,8924611534,34837225,2399334970,631129729,1204126385,3752384706,964352304,887786160,2887348694,274649850,509342670,6035359575
03-07-19,1099810083,2070951761,1985645229,139125159,959197790,585915609,2619519511,289367020,159136111,579894198,2436592943,5130991182,805828425,6162728327,265468580,166113840,27288952,4552004996,657609040,1356278868,2732812271,2017489149,2245845916,1523822625,2164801037,6452596296,603138942,4295042444,9414158922,,,2417220440,1909336730,1403091278,452590752,1243192544,302080060,96415716,9894557280,12580279206,5231589648,6339038430,8924611534,34837225,2399334970,631129729,1204126385,3752384706,964352304,887786160,2887348694,274649850,764014005,6035359575
06-07-19,1099810083,2070951761,1985645229,139125159,959197790,585915609,2619519511,289367020,159136111,579894198,2436592943,5130991182,805828425,6162728327,265468580,166113840,27288952,4552004996,657609040,1356278868,2732812271,2017489149,2245845916,1523822625,2164801037,6452596296,692756723,4295042444,9414158922,,,2417220440,1909336730,1403091278,452590752,1243192544,302080060,96415716,9894557280,12580279206,5231589648,6339038430,8924611534,34837225,2399334970,631129729,1204126385,3752384706,964352304,887786160,2887348694,274649850,764014005,6035359575
04-09-19,1099810083,2070951761,1985645229,139125159,959197790,585915609,2619519511,289367020,159136111,579894198,2436592943,5130991182,805828425,6162728327,265468580,166113840,27288952,4552004996,657609040,1356278868,2732812271,2017489149,2245845916,1523822625,2164801037,6452596296,692756723,4258412178,9414158922,,,2417220440,1909336730,1403091278,452590752,1243192544,302080060,96415716,9894557280,12580279206,5231589648,6339038430,8924611534,34837225,2399334970,631129729,1204126385,3752384706,964352304,887786160,2887348694,274649850,764014005,6035359575
09-09-19,1099810083,2070951761,1985645229,139125159,959197790,585915609,2619519511,289367020,159136111,579894198,2436592943,5130991182,805828425,6162728327,265468580,166113840,27288952,4552004996,657609040,1356278868,2732812271,2017489149,2245845916,1523822625,2164801037,6452596296,692756723,4258412178,9414158922,,,2417220440,1909336730,1403091278,452590752,1243192544,302080060,96415716,9894557280,12580279206,5231589648,6339038430,8924611534,34837225,2399334970,631129729,1204126385,3752384706,964352304,887786160,2887348694,274649850,764014005,5712282652
26-09-19,1099810083,2070951761,1985645229,139125159,959197790,585915609,2819004453,289367020,159136111,579894198,2436592943,5130991182,805828425,6162728327,265468580,166113840,27288952,4552004996,657609040,1356278868,2732812271,2017489149,2245845916,1523822625,2164801037,6452596296,692756723,4258412178,9414158922,,,2417220440,1909336730,1403091278,452590752,1243192544,302080060,96415716,9894557280,12580279206,5231589648,6339038430,8924611534,34837225,2399334970,631129729,1204126385,3752384706,964352304,887786160,2887348694,274649850,764014005,5712282652
30-09-19,1099810083,2031751761,1985645229,139125159,959197790,585938609,2819155633,289367020,159137290,579894198,2436592943,5131961850,806077497,6162728327,265468580,166145748,27289722,4510141866,657672734,1356401188,5470763894,2017672019,2245924242,1523822625,2164812057,6459674956,692982757,4258412178,9414158922,,,2417220440,1910028300,1403265582,452647548,1243192544,302080060,96415716,9894557280,12580279206,5231589648,6339123229,8924611534,34837225,2399334970,631129729,1204126385,3752384706,964844109,887786160,2887348694,274650508,764022956,5712906868
16-10-19,1099810083,2031751761,1985645229,139125159,959197790,585938609,2819155633,289367020,159137290,579894198,2436592943,5131961850,806077497,6162728327,265468580,166145748,27289722,4510141866,657672734,1356401188,5470763894,2017672019,2245924242,1523822625,2164812057,6459674956,692982757,4258412178,9414158922,,,2417220440,1910028300,1403265582,452647548,1243192544,302080060,96415716,9894557280,12580279206,5231589648,6339123229,8924611534,34837225,2399334970,631129729,1204126385,3752384706,964844109,887786160,2887348694,288613666,764022956,5712906868
07-11-19,1099810083,2031751761,1985645229,139125159,959197790,585938609,2819155633,289367020,159137290,601689069,2436592943,5131961850,806077497,6162728327,265468580,166145748,27289722,4510141866,657672734,1356401188,5470763894,2017672019,2245924242,1523822625,2164812057,6459674956,692982757,4258412178,9414158922,,,2417220440,1910028300,1403265582,452647548,1243192544,302080060,96415716,9894557280,12580279206,5231589648,6339123229,8924611534,34837225,2399334970,631129729,1204126385,3752384706,964844109,887786160,2887348694,288613666,764022956,5712906868
23-11-19,1099810083,2031751761,1985645229,139125159,959197790,585938609,2819155633,289367020,159137290,601689069,2436592943,5131961850,806077497,6162728327,265468580,166145748,27289722,4510141866,657672734,1356401188,5470763894,2017672019,2245924242,1523822625,2164812057,6459674956,692982757,4258412178,9414158922,,,2417220440,1910028300,1403265582,452647548,1243192544,302080060,96415716,9894557280,12580279206,5231589648,6339123229,8924611534,36080748,2399334970,631129729,1204126385,3752384706,964844109,887786160,2887348694,288613666,764022956,5712906868
10-12-19,1099810083,2031751761,1985645229,139125159,959197790,585938609,2819155633,289367020,159137290,601689069,2436592943,5131961850,806077497,6162728327,265468580,166145748,27289722,4510141866,657672734,2713665096,5470763894,2017672019,2245924242,1523822625,2164812057,6459674956,692982757,4258412178,9414158922,,,2417220440,1910028300,1403265582,452647548,1243192544,302080060,96415716,9894557280,12580279206,5231589648,6339123229,8924611534,36080748,2399334970,631129729,1204126385,3752384706,964844109,887786160,2887348694,288613666,764022956,5712906868
12-12-19,1099810083,2031751761,1985645229,139125159,959197790,585938609,2819155633,289367020,159137290,601689069,2436592943,5131961850,806077497,6162728327,265468580,166145748,27289722,4510141866,657672734,2713665096,5470763894,2017672019,2245924242,1523822625,2164812057,6459674956,692982757,4258412178,9414158922,,,2417220440,1910028300,1403265582,452647548,1243192544,302080060,96415716,9894557280,12580279206,5231589648,6339123229,8924611534,36080748,2399334970,631129729,1204126385,3752384706,964844109,887786160,3088972101,288613666,764022956,5712906868
31-12-19,1099810083,2031751761,1985645229,139125159,959197790,585938609,2819752963,289367020,159137290,601689069,2436592943,5131961850,806227596,6162728327,265468580,166163148,27304562,4510141866,657798938,2713665096,5477027068,2018606832,2246040614,1523822625,2164812057,6469353972,693070224,4258548000,9414158922,,,2417220440,1911034957,1403581376,452906754,1243192544,302080060,96415716,9894557280,12580279206,5231589648,6339203530,8924611534,36080748,2399334970,631129729,1204126999,3752384706,965312635,887786160,3088972101,288618016,764045456,5713022469
15-01-20,1099810083,2031751761,1985645229,139125159,959197790,585938609,2819752963,289367020,159137290,601689069,2436592943,5455557355,806227596,6162728327,265468580,166163148,27304562,4510141866,657798938,2713665096,5477027068,2018606832,2246040614,1523822625,2164812057,6469353972,693070224,4258548000,9414158922,,,2417220440,1911034957,1403581376,452906754,1243192544,302080060,96415716,9894557280,12580279206,5231589648,6339203530,8924611534,36080748,2399334970,631129729,1204126999,3752384706,965312635,887786160,3088972101,288618016,764045456,5713022469
11-03-20,1099810083,2031751761,1985645229,139125159,959197790,585938609,2819752963,289367020,159137290,601689069,2436592943,5455557355,806227596,6162728327,265468580,166163148,27304562,4510141866,657798938,2713665096,5477027068,2018606832,2246040614,1523822625,2164812057,6469353972,693070224,4258548000,9414158922,,,2417220440,1911034957,1403581376,452906754,1243192544,302080060,96415716,9894557280,12580279206,5231589648,6339203530,8924611534,36080748,2399334970,921551715,1204126999,3752384706,965312635,887786160,3088972101,288618016,764045456,5713022469
31-03-20,1099810083,2031751761,1985645229,139125159,959197790,585938609,2821677934,289367020,159137290,601689069,2436592943,5455557355,806235329,6162728327,265468580,166172082,27305473,4535759610,657798938,2713665096,5483286460,2018798399,2246222687,1523822625,2164844187,6472765203,693535738,4258992566,9414158922,,,2417220440,1913038338,1403892022,452998121,1243192544,302080060,96415716,9894557280,12580279206,5231589648,6339267510,8924611534,36080748,2399334970,921551715,1204126999,3752384706,965852364,887786160,3088973894,288625105,764045456,5713357390
21-04-20,1099810083,2031751761,1985645229,139125159,959197790,585938609,2821677934,289367020,159137290,601689069,2436592943,5455557355,806235329,6162728327,265468580,166172082,27305473,4535759610,657798938,2713665096,5483286460,2018798399,2246222687,1523822625,2349467999,6472765203,693535738,4258992566,9414158922,,,2417220440,1913038338,1403892022,452998121,1243192544,302080060,96415716,9894557280,12580279206,5231589648,6339267510,8924611534,36080748,2399334970,921551715,1204126999,3752384706,965852364,887786160,3088973894,288625105,764045456,5713357390
30-05-20,1099810083,2031751761,1985645229,139125159,959197790,585938609,2821677934,289367020,159137290,601689069,2436592943,5455557355,806235329,6162728327,265468580,166172082,27305473,4535759610,657798938,2713665096,5483286460,2018798399,2246222687,1523822625,2349467999,6472765203,693535738,4258992566,9414158922,,,2417220440,1978804377,1403892022,452998121,1243192544,302080060,96415716,9894557280,12580279206,5231589648,6339267510,8924611534,36080748,2399334970,921551715,1204126999,3752384706,965852364,887786160,3088973894,288625105,764045456,5713357390
11-06-20,1099810083,2031751761,1985645229,139125159,959197790,585938609,2821677934,289367020,159137290,601689069,2436592943,5455557355,806235329,6162728327,265468580,166172082,27305473,4535759610,657798938,2713665096,5483286460,2018798399,2246222687,1523822625,2349467999,6472765203,693535738,4258992566,9414158922,,,2417220440,1978804377,1403892022,452998121,1243192544,302080060,96415716,9894557280,12580279206,5231589648,6761843669,8924611534,36080748,2399334970,921551715,1204126999,3752384706,965852364,887786160,3088973894,288625105,764045456,5713357390
30-06-20,1099810083,2031751761,1985645229,139125159,959197790,585938609,2822022959,289367020,159137290,601689069,2436592943,5455557355,806235329,6162728327,265468580,166232516,27305473,4539703374,657806468,2713665096,5490278560,2019173024,2246284546,1523822625,2349550042,6475980400,693566038,4259154628,9414158922,,,2417220440,1978804377,1403992234,453091022,1243192544,302080060,96415716,9894557280,12580279206,5231589648,6761844754,8924611534,36080748,2399334970,921551715,1204126999,3752384706,966177667,887786160,3088973894,288625105,764045456,5714438884
11-08-20,1099810083,2031751761,1985645229,139125159,959197790,585938609,3060066034,289367020,159137290,601689069,2436592943,5455557355,806235329,6162728327,265468580,166232516,27305473,4539703374,657806468,2713665096,5490278560,2019173024,2246284546,1523822625,2349550042,6475980400,693566038,4259154628,9414158922,,,2417220440,1978804377,1403992234,453091022,1243192544,302080060,96415716,9894557280,12580279206,5231589648,6761844754,8924611534,36080748,2399334970,921551715,1204126999,3752384706,966177667,887786160,3088973894,288625105,764045456,5714438884
15-08-20,1099810083,2031751761,1985645229,139125159,959197790,585938609,3060066034,289367020,159137290,601689069,2436592943,5455557355,806235329,6162728327,265468580,166232516,27305473,4539703374,657806468,2713665096,5490278560,2019173024,2246284546,1523822625,2349550042,6895410621,693566038,4259154628,9414158922,,,2417220440,1978804377,1403992234,453091022,1243192544,302080060,96415716,9894557280,12580279206,5231589648,6761844754,8924611534,36080748,2399334970,921551715,1204126999,3752384706,966177667,887786160,3088973894,288625105,764045456,5714438884
28-08-20,1099810083,2031751761,1985645229,139125159,959197790,585938609,3060066034,289367020,159137290,601689069,2436592943,5455557355,806235329,6162728327,265468580,166232516,27305473,4539703374,657806468,2713665096,5490278560,2019173024,2246284546,1523822625,2349550042,6895410621,741195806,4259154628,9414158922,,,2417220440,1978804377,1403992234,453091022,1243192544,302080060,96415716,9894557280,12580279206,5231589648,6761844754,8924611534,36080748,2399334970,921551715,1204126999,3752384706,966177667,887786160,3088973894,288625105,764045456,5714438884
04-09-20,1099810083,2031751761,1985645229,139125159,959197790,585938609,3060066034,289367020,159137290,601689069,2436592943,5455557355,806235329,6162728327,265468580,166232516,27305473,4539703374,657806468,2713665096,5490278560,2019173024,2246284546,1523822625,2349550042,6895410621,756313283,4259154628,9414158922,,,2417220440,1978804377,1403992234,453091022,1243192544,302080060,96415716,9894557280,12580279206,5231589648,6761844754,8924611534,36080748,2399334970,921551715,1204126999,3752384706,966177667,887786160,3088973894,288625105,764045456,5714438884
30-09-20,1099810083,2031751761,1985645229,139125159,959197790,585938609,3060161084,289367020,159137444,602587339,2436592943,5455557355,806337456,6162728327,265468580,166269279,273229150,4510141866,657928218,2713665096,5503704156,2019460732,2246352581,1523822625,2349556255,6896223149,756451823,4259411598,9414158922,,,2417220440,1979207809,1404034846,453240333,1243192544,302080060,96415716,9894557280,12580279206,5231589648,6762037614,8924611534,36080748,2399334970,921551715,1204126999,3752384706,966598935,887786160,3088973894,288626076,764045456,5714950888
31-12-20,1099810083,2031751761,1985645229,139125159,959197790,585938609,3061465082,289367020,159137444,602587339,2436592943,5455557355,806455229,6162728327,265468580,166298116,273256830,4510141866,657951004,2713665096,5507656932,2020456081,2246582938,1510388506,2349556255,6903693527,757104998,4259587833,9414158922,,,2417220440,1980478721,1404256696,453513540,1243192544,302080060,96415716,9696666134,12580279206,5231589648,6762067614,8924611534,36080748,2399334970,921551715,1204126999,3752384706,967423190,887786160,3088973894,288636906,764045456,5715338089
19-01-21,1099810083,2031751761,1985645229,139125159,959197790,585938609,3061465082,289367020,159137444,602587339,2436592943,5455557355,806455229,6162728327,265468580,166298116,273256830,4510141866,657951004,2713665096,5507656932,2020456081,2246582938,1510388506,2349556255,6903693527,757104998,4259587833,9414158922,,,2417220440,1980478721,1404256696,453513540,1243192544,302080060,96415716,9696666134,12580279206,5231589648,6762067614,8924611534,36080748,2399334970,921551715,1204126999,3752384706,967423190,887786160,3088973894,288636906,764045456,5477838089
23-01-21,1099810083,2031751761,1985645229,143784657,959197790,585938609,3061465082,289367020,159137444,602587339,2436592943,5455557355,806455229,6162728327,265468580,166298116,273256830,4510141866,657951004,2713665096,5507656932,2020456081,2246582938,1510388506,2349556255,6903693527,757104998,4259587833,9414158922,,,2417220440,1980478721,1404256696,453513540,1243192544,302080060,96415716,9696666134,12580279206,5231589648,6762067614,8924611534,36080748,2399334970,921551715,1204126999,3752384706,967423190,887786160,3088973894,288636906,764045456,5477838089
06-02-21,1099810083,2031751761,1985645229,143784657,959197790,585938609,3061465082,289367020,159137444,602587339,2436592943,5455557355,806455229,6162728327,265468580,166298116,273256830,4510141866,657951004,2713665096,5507656932,2020456081,2246582938,1510388506,2349556255,6903693527,757104998,4259587833,9414158922,,,2417220440,1980478721,1404256696,453513540,1243192544,302080060,96415716,9696666134,12580279206,5231589648,6762067614,8924611534,36080748,2399334970,921551715,1204126999,3752384706,967423190,887786160,3320307765,288636906,764045456,5477838089
18-02-21,1099810083,2031751761,1985645229,143784657,959197790,585938609,3061465082,289367020,159137444,602587339,2436592943,5455557355,806455229,6162728327,265468580,166298116,273256830,4510141866,657951004,2713665096,5507656932,2020456081,2246582938,1510388506,2349556255,6903693527,773155187,4259587833,9414158922,,,2417220440,1980478721,1404256696,453513540,1243192544,302080060,96415716,9696666134,12580279206,5231589648,6762067614,8924611534,36080748,2399334970,921551715,1204126999,3752384706,967423190,887786160,3320307765,288636906,764045456,5477838089
24-03-21,1099810083,2031751761,1985645229,143784657,959197790,585938609,3061465082,289367020,159137444,602587339,2436592943,5455557355,806455229,6162728327,265468580,166298116,273256830,4510141866,657951004,2713665096,5507656932,2020456081,2246582938,1510388506,2349556255,6903693527,773155187,4259587833,9414158922,,,2417220440,1980478721,1404256696,453513540,1243192544,302080060,96415716,9696666134,12580279206,5231589648,6762067614,8924611534,36080748,2399334970,921551715,1204126999,3752384706,967423190,887786160,3320307765,288636906,764045456,5477838089
31-03-21,1099810083,2031751761,1985645229,143784657,959197790,585938609,3063748652,289367020,159137444,602587339,2436592943,5492027268,806463279,6162728327,265468580,166301231,273335922,4440385225,658044844,2713665096,5512776482,2020943966,2246684247,1455845587,2349567819,6915992387,773372299,4260660846,9414158922,,,2417220440,1981835668,1404555297,453680133,1243192544,302080060,96415716,9696666134,12580279206,5231589648,6762068814,8924611534,36080748,2399334970,921551715,1204126999,3699051373,968260067,887786160,3320307765,288653398,764045456,5479138555
23-04-21,1099810083,2031751761,1985645229,143784657,959197790,585938609,3063748652,289367020,159137444,602587339,2436592943,5492027268,806463279,6162728327,265468580,166301231,273335922,4440385225,658044844,2713665096,5512776482,2020943966,2246684247,1455845587,2349567819,6915992387,773372299,4260660846,9414158922,,,2417220440,1981835668,1404555297,453680133,1243192544,302080060,96415716,9696666134,12580279206,5231589648,6762068814,8924611534,36080748,2399334970,921551715,1204126999,3699051373,968260067,887786160,3320307765,288653398,764045456,5479138555
14-05-21,1099810083,2031751761,1985645229,143784657,959197790,585938609,3063748652,289367020,159137444,602587339,2436592943,5492027268,806463279,6162728327,265468580,166301231,273335922,4440385225,658044844,2713665096,5512776482,2020943966,2246684247,1418548345,2349567819,6915992387,773372299,4260660846,9414158922,,,2417220440,1981835668,1404555297,453680133,1243192544,302080060,96415716,9696666134,12580279206,5231589648,6762068814,8924611534,36080748,2399334970,921551715,1204126999,3699051373,968260067,887786160,3320307765,288653398,764045456,5479138555
15-05-21,1099810083,2031751761,1985645229,143784657,959197790,585938609,3063748652,289367020,159137444,602587339,2436592943,5492027268,806463279,6162728327,265468580,166301231,273335922,4440385225,658044844,2713665096,5512776482,2020943966,2246684247,1418548345,2349567819,6915992387,773372299,4260660846,9414158922,,,2417220440,1981835668,1404555297,453680133,1243192544,302080060,96415716,9696666134,12580279206,5231589648,6762068814,8924611534,36080748,2399334970,921551715,1204126999,3699051373,968260067,887786160,3320307765,288653398,764045456,5479138555
30-06-21,1099810083,2041751761,1985645229,143784657,959197790,585938609,3065268517,289367020,159137444,603594345,2436592943,5492027268,806596753,6162728327,265468580,166360134,273388422,4440385225,658077851,2713665096,5526719098,2022140296,2246900609,1418548345,2349588838,6925037357,773876784,4259085763,9414158922,,,2417220440,1982675781,1404604911,453902798,1243192544,302080060,96415716,9696666134,12580279206,5231589648,6762070014,8924611534,36080748,2399334970,921551715,1204126999,3699051373,968988701,887786160,3320307765,288654448,764045456,5479239889
01-08-21,1099810083,2041751761,1985645229,143784657,959197790,585938609,3065268517,289367020,159137444,603594345,2436592943,5492027268,806596753,6162728327,265468580,166360134,273388422,4440385225,658077851,2713665096,5526719098,2022140296,2246900609,1418548345,2349588838,6925037357,773876784,4259085763,9414158922,,,2417220440,1982675781,1404604911,453902798,1243192544,302080060,96415716,9696666134,12580279206,5231589648,6762070014,8924611534,36080748,2399334970,921551715,1204126999,3699051373,968988701,887786160,3320307765,288654448,764045456,5479239889
03-08-21,1099810083,2041751761,1985645229,143784657,959197790,585938609,3065268517,289367020,159137444,603594345,2436592943,5492027268,806596753,6162728327,265468580,166360134,273388422,4440385225,658077851,2713665096,5526719098,2022140296,2246900609,1418548345,2349588838,6925037357,773876784,4259085763,9414158922,,,2417220440,1982675781,1404604911,453902798,1243192544,302080060,96415716,9696666134,12580279206,6975452864,6762070014,8924611534,36080748,2399334970,921551715,1204126999,3699051373,968988701,887786160,3320307765,288654448,764045456,5479239889
30-09-21,1099810083,2041751761,1985645229,143784657,959197790,585938609,3066645378,289367020,159137444,603594345,2436592943,5492027268,806653624,6162728327,265468580,166398811,273399672,4440385225,658161372,2713665096,5537451890,2023132113,2247114735,1418548345,2349591262,6934409997,774119194,4205464426,9414158922,,,2417220440,1983087703,1404656010,454030479,1243192544,302080060,96415716,9696666134,12580279206,6975452864,6762070014,8924611534,36080748,2399334970,921551715,1204126999,3699051373,969714371,887786160,3320307765,288659566,764045456,5480819197
30-10-21,1099810083,2041751761,1985645229,143784657,959197790,585938609,3066645378,289367020,159137444,603594345,2436592943,5492027268,806653624,6162728327,265468580,166398811,273399672,4440385225,658161372,2713665096,5537451890,2023132113,2247114735,1418548345,2349591262,6934409997,774119194,4205464426,9414158922,,,2417220440,1983087703,1404656010,454030479,1243192544,302080060,96415716,9696666134,12580279206,6975452864,6762070014,8924611534,36080748,2399334970,921551715,1204126999,3699051373,969714371,887786160,3320307765,288659566,764045456,5480819197
06-11-21,1099810083,2041751761,1985645229,143784657,959197790,585938609,3066645378,289367020,159137444,603594345,2436592943,5884314930,806653624,6162728327,265468580,166398811,273399672,4440385225,658161372,2713665096,5537451890,2023132113,2247114735,1418548345,2349591262,6934409997,774119194,4205464426,9414158922,,,2417220440,1983087703,1404656010,454030479,1243192544,302080060,96415716,9696666134,12580279206,6975452864,6762070014,8924611534,36080748,2399334970,921551715,1204126999,3699051373,969714371,887786160,3320307765,288659566,764045456,5480819197
08-12-21,1099810083,2041751761,1985645229,143784657,959197790,585938609,3066645378,289367020,159137444,603594345,2436592943,5884314930,806653624,6162728327,265468580,166398811,273399672,4440385225,658161372,2713665096,5537451890,2023132113,2247114735,1418548345,2349591262,6934409997,774119194,4205464426,9414158922,,,2417220440,1983087703,1404656010,454030479,1243192544,302080060,96415716,9696666134,12580279206,6975452864,6765970014,8924611534,36080748,2399334970,921551715,1204126999,3699051373,969714371,887786160,3320307765,288659566,764045456,5480819197
27-12-21,1099810083,2041751761,1985645229,143784657,959197790,585938609,3066645378,289367020,159137444,603594345,2436592943,5884314930,806653624,6162728327,265468580,166398811,273399672,4440385225,658161372,2713665096,5537451890,2023132113,2247114735,1418548345,2349591262,6934409997,774119194,4205464426,9414158922,,,2417220440,1983087703,1404656010,454030479,1243192544,302080060,96415716,9696666134,12580279206,6975452864,6765970014,8924611534,36080748,2399334970,921551715,1221543546,3699051373,969714371,887786160,3320307765,288659566,764045456,5480819197
31-12-21,1099810083,2041751761,1985645229,143784657,959197790,585938609,3067661758,289367020,159137444,603594345,2436592943,5884314930,806790214,6162728327,265468580,166416892,273411022,4440385225,658286540,2713665096,5542399476,2024791033,2247169840,1418548345,2349591262,6943351843,774548603,4205617958,9414158922,,,2417220440,1983899969,1404839267,454196866,1243192544,302080060,96415716,9696666134,12580279206,6975452864,6765994014,8924611534,36080748,2399334970,921551715,1221543546,3699051373,970589953,887786160,3320552265,288664987,764045456,5481283211
01-01-22,1099810083,2041751761,1985645229,143784657,959197790,585938609,3067661758,289367020,159137444,603594345,2436592943,5884314930,806790214,6162728327,265468580,166416892,273411022,4440385225,658286540,2713665096,5542399476,2111813255,2247169840,1418548345,2349591262,6943351843,774548603,4205617958,9414158922,,,2417220440,1983899969,1404839267,454196866,1243192544,302080060,96415716,9696666134,12580279206,6975452864,6765994014,8924611534,36080748,2399334970,921551715,1221543546,3699051373,970589953,887786160,3320552265,288664987,764045456,5481283211
21-02-22,1099810083,2112373230,1985645229,143784657,959197790,585938609,3067661758,289367020,159137444,603594345,2436592943,5884314930,806790214,6162728327,265468580,166416892,273411022,4440385225,658286540,2713665096,5542399476,2111813255,2247169840,1418548345,2349591262,6943351843,774548603,4205617958,9414158922,,,2417220440,1983899969,1404839267,454196866,1243192544,302080060,96415716,9696666134,12580279206,6975452864,6765994014,8924611534,36080748,2399334970,921551715,1221543546,3699051373,970589953,887786160,3320552265,288664987,764045456,5481283211
14-03-22,1099810083,2112373230,1985645229,143784657,959197790,585938609,3067661758,289367020,159137444,603594345,2436592943,5884314930,806790214,6162728327,265468580,166416892,273411022,4440385225,658286540,2713665096,5542399476,2111813255,2247169840,1418548345,2349591262,6943351843,774548603,4205617958,9414158922,,,2417220440,1983899969,1404839267,454196866,1243192544,302080060,96415716,9696666134,12580279206,6975452864,6765994014,8924611534,36080748,2399334970,921551715,1221530046,3699051373,970589953,887786160,3320552265,288664987,764045456,5481283211
31-03-22,1099810083,2112373230,1985645229,143784657,959197790,585938609,3069747836,289367020,159137444,605429233,2436592943,5884314930,806814036,6162728327,265468580,166425849,273423102,4440385225,658295426,2713665096,5545540976,2112619161,2247172724,1418548345,2349591262,6948771375,774548603,4206738641,9414158922,,,2417220440,1984661760,1405029123,454475014,1243192544,302080060,96415716,9696666134,12580279206,6975452864,6765994014,8924611534,36080748,2399334970,921551715,1221530046,3659051373,971833479,887786160,3320662007,288670847,764045456,5482070115
12-05-22,1140001121,2112373230,1985645229,143784657,959197790,585938609,3069747836,289367020,159137444,605429233,2436592943,5884314930,806814036,6162728327,265468580,166425849,273423102,4440385225,658295426,2713665096,5545540976,2112619161,2247172724,1418548345,2349591262,6948771375,774548603,4206738641,9414158922,,,2417220440,1984661760,1405029123,454475014,1243192544,302080060,96415716,9696666134,12580279206,6975452864,6765994014,8924611534,36080748,2399334970,921551715,1221530046,3659051373,971833479,887786160,3320662007,288670847,764045456,5482070115
30-06-22,1140001121,2112373230,1985645229,143784657,959197790,585938609,3071432148,289367020,159137444,605429233,2436592943,5884314930,806907203,6162728327,265468580,166441018,273428852,4383399762,658295426,2713665096,5554552746,2113172584,2247172724,1418548345,2349591262,6956354896,775102639,4207620719,9414158922,,,2417220440,1985434304,1405145221,454623411,1243192544,302080060,96415716,9696666134,12580279206,6975452864,6765994014,8924611734,36080748,2399334970,921551715,1221530046,3659051373,972561468,887786160,3320912308,288670847,750607641,5482346780
12-07-22,1140001121,2112373230,1985645229,143784657,959197790,585938609,3071432148,289367020,159137444,605429233,2436592943,5884314930,806907203,6162728327,265468580,166441018,273428852,4383399762,658295426,2713665096,5554552746,2113172584,2247172724,1418548345,2349591262,6956354896,775102639,4207620719,14121238383,,,2417220440,1985434304,1405145221,454623411,1243192544,302080060,96415716,9696666134,12580279206,6975452864,6765994014,8924611734,36080748,2399334970,921551715,1221530046,3659051373,972561468,887786160,3320912308,288670847,750607641,5482346780
10-08-22,1140001121,2112373230,1985645229,143784657,959197790,585938609,3071432148,289367020,159137444,605429233,2436592943,5884314930,806907203,6162728327,265468580,166441018,273428852,4383399762,658295426,2713665096,5554552746,2113172584,2247172724,1418548345,2349591262,6956354896,775102639,4207620719,14121238383,,,2417220440,1985434304,1405145221,454623411,1243192544,302080060,96415716,9696666134,12580279206,6975452864,6765994014,8924611734,36080748,2399334970,921551715,12215300460,3659051373,972561468,887786160,3320912308,288670847,750607641,5482346780
07-09-22,1140001121,2112373230,1985645229,143784657,959197790,585938609,3071432148,289367020,159137444,605429233,2436592943,5884314930,806907203,6162728327,265468580,166441018,273428852,6575099643,658295426,2713665096,5554552746,2113172584,2247172724,1418548345,2349591262,6956354896,775102639,4207620719,14121238383,,,2417220440,1985434304,1405145221,454623411,1243192544,302080060,96415716,9696666134,12580279206,6975452864,6765994014,8924611734,36080748,2399334970,921551715,12215300460,3659051373,972561468,887786160,3320912308,288670847,750607641,5482346780
19-09-22,1140001121,2112373230,1985645229,143784657,959197790,585938609,3071432148,289367020,159137444,605429233,7309778829,5884314930,806907203,6162728327,265468580,166441018,273428852,6575099643,658295426,2713665096,5554552746,2113172584,2247172724,1418548345,2349591262,6956354896,775102639,4207620719,14121238383,,,2417220440,1985434304,1405145221,454623411,1243192544,302080060,96415716,9696666134,12580279206,6975452864,6765994014,8924611734,36080748,2399334970,921551715,12215300460,3659051373,972561468,887786160,3320912308,288670847,750607641,5482346780
30-09-22,1140001121,2112373230,1985645229,143784657,959197790,585938609,3072321111,283679761,1592815460,605429233,7309778829,5955519312,807001603,6162728327,265468580,166466613,273455720,6575099643,658379936,2713665096,5569959026,2149104560,2247175109,1418548345,2349591262,6967876747,775243464,4207827539,14121238383,12399178701,,2417220440,1985738328,1405191199,454674567,1243192544,302080060,96415716,9696666134,12580279206,6975452864,6765994014,8924611734,36080748,2399334970,921551715,12215300460,3659051373,973159400,887786160,3321175244,288671933,750607641,5485541640
19-10-22,1140001121,2160138945,1985645229,143784657,959197790,585938609,3072321111,283679761,1592815460,605429233,7309778829,5955519312,807001603,6162728327,265468580,166466613,273455720,6575099643,658379936,2713665096,5569959026,2149104560,2247175109,1418548345,2349591262,6967876747,775243464,4207827539,14121238383,12399178701,,2417220440,1985738328,1405191199,454674567,1243192544,302080060,96415716,9696666134,12580279206,6975452864,6765994014,8924611734,36080748,2399334970,921551715,12215300460,3659051373,973159400,887786160,3321175244,288671933,750607641,5485541640
31-12-22,1140001121,2160138945,1985645229,143784657,959197790,585938609,3074956918,282957358,1592815460,605429233,7309778829,5956708229,807139168,6162728327,265468580,166523639,273478020,6575099643,658401686,2713665096,5576755396,2149175005,2247194585,1418548345,2349591262,6977024286,775415044,4186086843,14121238383,12412309001,,2417220440,1986085599,1405364127,454760600,1243192544,302080060,96415716,9696666134,12580279206,6975452864,6765994014,8924611734,36080748,2399334970,929011650,12223453300,3659051373,973778933,887786160,3321290234,288677471,750607641,5486762666
18-03-23,1140001121,2160138945,1985645229,143784657,959197790,585938609,3074956918,282957358,1592815460,605429233,7309778829,5956708229,807139168,6162728327,265468580,166523639,273478020,6575099643,658401686,2713665096,5576755396,2149175005,2247194585,1418548345,2349591262,6977024286,775415044,4186086843,14121238383,12412309001,,2417220440,1986085599,1405364127,454760600,1243192544,302080060,96415716,9696666134,12580279206,6975452864,6765994014,8924611734,36080748,2399334970,929011650,12223453300,3659051373,973778933,887786160,3321290234,288677471,750607641,5486762666
31-03-23,1140001121,2160138945,1985843229,143784657,959197790,585938609,3076852012,282957358,1592815460,605429233,7309778829,5967422312,807150593,6162728327,265468580,166527876,273481570,6575099643,658432126,2713665096,5579742786,2149396132,2247194585,1418548345,2349591262,6982815731,775895198,4148560044,14121238383,12428017741,,2417220440,1986556582,1405482190,454981335,1243528831,302080060,96415716,9696666134,12580279206,6975452864,6766094014,8924611934,36080748,2399334970,929011650,12221537000,3659051373,974147475,887786160,3321344325,288686345,750607641,5487917741
30-06-23,1140001121,2160138945,1985645229,143784657,959197790,585938609,3079738904,282957358,1592815460,605918538,7309778829,5973548138,807224436,6162728327,265468580,166555501,273658460,6575099643,658432126,2713665096,5591798806,2149679456,2247194585,1418548345,2349591262,6996650422,839504367,4150192365,14121238383,12439467511,,2417220440,1987212073,1405572753,455080018,1243528831,302080060,96415716,9696666134,12580279206,6975452864,6766109014,8924611934,36080748,2399334970,929011650,12221537000,3659051373,974699464,887786160,3321490582,288686345,750607641,5488841993
14-07-23,1140001121,2160138945,1985645229,143784657,959197790,585938609,3079738904,282957358,1592815460,605918538,7309778829,5973548138,807224436,6162728327,265468580,166555501,273658460,6575099643,658432126,2713665096,7537569464,2149679456,2247194585,1418548345,2349591262,6996650422,839504367,4150192365,14121238383,12439467511,,2417220440,1987212073,1405572753,455080018,1243528831,302080060,96415716,9696666134,12580279206,6975452864,6766109014,8924611934,36080748,2399334970,929011650,12221537000,3659051373,974699464,887786160,3321490582,288686345,750607641,5488841993
10-08-23,1140001121,2160138945,1985645229,143784657,959197790,585938609,3079738904,282957358,1592815460,605918538,7309778829,5973548138,807224436,6162728327,265468580,166555501,273658460,6575099643,658432126,2713665096,7537569464,2149679456,2247194585,1418548345,2349591262,6996650422,839504367,4150192365,14121238383,12439467511,6353284188,2417220440,1987212073,1405572753,455080018,1243528831,302080060,96415716,9696666134,12580279206,6975452864,6766109014,8924611934,36080748,2399334970,929011650,12221537000,3659051373,974699464,887786160,3321490582,288686345,750607641,5488841993
30-09-23,1140001121,2160138945,1985645229,143784657,959197790,585938609,3081760824,282957358,1595488813,605918538,7309778829,5997632401,807325429,6162728327,265468580,166784764,273749460,6575099643,658448791,2713665096,7581816038,2150064332,2247216523,1418548345,2349591262,7003087787,777054697,4150384120,14121238383,12470914521,6353284188,2445453966,1987495423,1374398717,455221984,1243528831,302080060,96415716,9696666134,12580279206,9300603819,6766109014,8924611934,36080748,2399334970,929011650,12221537000,3659051373,975504105,887786160,3322317000,288686345,750607641,5221800302
07-10-23,1140001121,2160138945,1985645229,143784657,959197790,585938609,3081760824,282957358,1595488813,605918538,7309778829,5997632401,807325429,6162728327,265468580,166784764,273749460,6575099643,658448791,2713665096,7581816038,2150064332,2247216523,1418548345,2349591262,7003087787,777054697,4150384120,14121238383,12470914521,6353284188,2445453966,1987495423,1374398717,455221984,1243528831,302080060,96415716,9696666134,12580279206,9300603819,6766109014,8924611934,36080748,2399334970,929011650,12221537000,3659051373,975504105,887786160,3322317000,288686345,750607641,5221800302
09-11-23,1140001121,2160138945,1985645229,143784657,959197790,585938609,3081760824,282957358,1595488813,618023077,7309778829,5997632401,807325429,6162728327,265468580,166784764,273749460,6575099643,658448791,2713665096,7581816038,2150064332,2247216523,1418548345,2349591262,7003087787,777054697,4150384120,14121238383,12470914521,6353284188,2445453966,1987495423,1374398717,455221984,1243528831,302080060,96415716,9696666134,12580279206,9300603819,6766109014,8924611934,36080748,2399334970,929011650,12221537000,3659051373,975504105,887786160,3322317000,288686345,750607641,5221800302
22-11-23,1140001121,2160138945,1985645229,143784657,959197790,585938609,3081760824,282957358,1595488813,618023077,7309778829,5997632401,807325429,6162728327,265468580,166784764,273749460,6575099643,658448791,2713665096,7581816038,2150064332,2247216523,1418548345,2349591262,7003087787,777054697,4150384120,14121238383,12470914521,6353284188,2445453966,1987495423,1374398717,455221984,1243528831,302080060,96415716,9696666134,12580279206,9300603819,6766109014,8924611934,36080748,2399334970,929011650,12297337309,3659051373,975504105,887786160,3322317000,288686345,750607641,5221800302
24-11-23,1140001121,2160138945,1985645229,143784657,959197790,585938609,3081760824,282957358,1595488813,618023077,7309778829,5997632401,807325429,6162728327,265468580,166784764,273749460,6575099643,658448791,2713665096,7581816038,2150064332,2247216523,1418548345,2349591262,7003087787,777054697,4150384120,14121238383,12470914521,6353284188,2445453966,1987495423,1374398717,455221984,1243528831,314402574,96415716,9696666134,12580279206,9300603819,6766109014,8924611934,36080748,2399334970,929011650,12297337309,3659051373,975504105,887786160,3322317000,288686345,750607641,5221800302
31-12-23,1140001121,2160138945,1985645229,143784657,959197790,585938609,3084019057,283179756,1595488813,618023077,7309778829,6017220484,807350398,6162728327,265468580,166809397,273775500,6575099643,658448791,2713665096,7592484734,2150659616,2247216523,1418548345,2349591262,7014826337,777732182,4150447554,14121238383,12475608671,6353284188,2445453966,1987652298,1374548315,455326550,1243528831,314402574,96415716,9696666134,12580279206,9300603819,6766109014,8924611934,36080748,2399334970,929011650,12297337309,3618087518,976164397,887786160,3322847115,288686674,750607641,5224235632
19-01-24,1140001121,2160138945,1985645229,143784657,959197790,585938609,3084019057,283179756,1595488813,618023077,7309778829,6017220484,807350398,6162728327,265468580,166809397,273775500,6575099643,658448791,2713665096,7592484734,2150659616,2247216523,1418548345,2349591262,7014826337,777732182,4150447554,14121238383,12475608671,6353284188,2445453966,1987652298,1374548315,455326550,1243528831,314402574,96415716,9696666134,12580279206,9300603819,6766109014,8924611934,36080748,2399334970,952834816,12297337309,3618087518,976164397,887786160,3322847115,288686674,750607641,5224235632
21-01-24,1140001121,2160138945,1985645229,143784657,959197790,585938609,3084019057,283179756,1595488813,618023077,7309778829,6017220484,807350398,6162728327,265468580,166809397,273775500,6575099643,658448791,2713665096,7592484734,2150659616,2247216523,1418548345,2349591262,7014826337,777732182,4150447554,14121238383,12475608671,6353284188,2445453966,1987652298,1374548315,455326550,1243528831,314402574,96415716,9696666134,12580279206,9300603819,6766109014,8924611934,36080748,2399334970,952834816,12383830302,3618087518,976164397,887786160,3322847115,288686674,750607641,5224235632
30-01-24,1140001121,2160138945,1985645229,143784657,959197790,585938609,3084019057,283179756,1595488813,618023077,7309778829,6017220484,807350398,6162728327,265468580,166809397,273775500,6575099643,658448791,2713665096,7592484734,2150659616,2247216523,1418548345,2349591262,7014826337,777732182,4150447554,14121238383,12475608671,6353284188,2445453966,1987652298,1374548315,455326550,1243528831,314402574,96415716,9696666134,12580279206,9300603819,6766109014,8924611934,36080748,2399334970,952834816,12383830302,3618087518,976164397,887786160,3322847115,288686674,750607641,5224402361
08-02-24,1140001121,2160138945,1985645229,143784657,959197790,585938609,3084019057,283179756,1595488813,618023077,7309778829,6017220484,807350398,6162728327,265468580,166809397,273775500,6575099643,658448791,2713665096,7592484734,2150659616,2247216523,1418548345,2349591262,7014826337,777732182,4150447554,14121238383,12475608671,6353284188,2445453966,1987652298,1374548315,455326550,1243528831,314402574,96415716,9696666134,12580279206,9300603819,6766109014,8924611934,36080748,2399334970,952834816,12483531541,3618087518,976164397,887786160,3322847115,288686674,750607641,5224402361
09-02-24,1140001121,2160138945,1985645229,143784657,959197790,585938609,3084019057,283179756,1595488813,618023077,7309778829,6017220484,807350398,6162728327,265468580,166809397,273775500,6575099643,680516022,2713665096,7592484734,2150659616,2247216523,1418548345,2349591262,7014826337,777732182,4150447554,14121238383,12475608671,6353284188,2445453966,1987652298,1374548315,455326550,1243528831,314402574,96415716,9696666134,12580279206,9300603819,6766109014,8924611934,36080748,2399334970,952834816,12483531541,3618087518,976164397,887786160,3322847115,288686674,750607641,5224402361
29-03-24,1140001121,2160138945,2197675987,143784657,959197790,585938609,3084019057,283179756,1595488813,618023077,7309778829,6017220484,807350398,6162728327,265468580,166809397,273775500,6575099643,680516022,2713665096,7592484734,2150659616,2247216523,1418548345,2349591262,7014826337,777732182,4150447554,14121238383,12475608671,6353284188,2445453966,1987652298,1374548315,455326550,1243528831,314402574,96415716,9696666134,12580279206,9300603819,6766109014,8924611934,36080748,2399334970,952834816,12483531541,3618087518,976164397,887786160,3322847115,288686674,750607641,5224402361
31-03-24,1140001121,2160138945,2197675987,143784657,959197790,585938609,3086570375,279179756,1595488813,618996320,7309778829,6047374739,807367062,6162728327,265468580,166818266,273805630,6575099643,680550136,2713665096,7596910662,2150944127,2247216523,1418548345,2349591262,7022335643,778319951,4150867464,14121238383,12484721471,6353284188,2445453966,1987920898,1374668619,455678908,1243528831,314402574,964157160,9696666134,12580279206,9300603819,6766109014,8924611934,36080748,2399334970,952834816,12483531541,3618087518,976758523,887786160,3323739001,288692005,750607641,5225138246
12-04-24,1140001121,2160138945,2463123478,143784657,959197790,585938609,3086570375,279179756,1595488813,618996320,7309778829,6047374739,807367062,6162728327,265468580,166818266,273805630,6575099643,680550136,2713665096,7596910662,2150944127,2247216523,1418548345,2349591262,7022335643,778319951,4150867464,14121238383,12484721471,6353284188,2445453966,1987920898,1374668619,455678908,1243528831,314402574,964157160,9696666134,12580279206,9300603819,6766109014,8924611934,36080748,2399334970,952834816,12483531541,3618087518,976758523,887786160,3323739001,288692005,750607641,5225138246
25-06-24,1140001121,2160138945,2463123478,143784657,959197790,585938609,3086570375,279179756,1595488813,618996320,7309778829,6047374739,807367062,6162728327,265468580,166818266,273805630,6575099643,680550136,2713665096,7596910662,2150944127,2247216523,2127822517,2349591262,7022335643,778319951,4150867464,14121238383,12484721471,6353284188,2445453966,1987920898,1374668619,455678908,1243528831,314402574,964157160,9696666134,12580279206,9300603819,6766109014,8924611934,36080748,2399334970,952834816,12483531541,3618087518,976758523,887786160,3323739001,288692005,750607641,5225138246
30-06-24,1140001121,2160138945,2463123478,143784657,959197790,585938609,3090246466,279179756,1596662097,618996320,7309778829,6083160811,807517999,6162728327,265468580,166829701,274010515,6575099643,680550136,2713665096,7608122302,2150979347,2247216523,1418548345,2349591262,7036188396,778725005,4152028475,14121238383,12484721471,6353284188,2445453966,1987951298,1374848104,455915953,1243528831,314402574,964157160,9696666134,12580279206,9300603819,6766229014,8924612434,36080748,2399334970,952834816,12483531541,3618087518,977882361,887786160,3323978912,288697318,750607641,5230164205
23-08-24,1140001121,2160138945,2463123478,143784657,959197790,585938609,3090246466,279179756,1596662097,618996320,7309778829,6083160811,807517999,6162728327,265468580,166829701,274010515,6575099643,680550136,2713665096,7608122302,2150979347,2247216523,1418548345,2349591262,7036188396,778725005,4152028475,14121238383,12484721471,6353284188,2445453966,1987951298,1374848104,455915953,1243528831,314402574,964157160,9696666134,12580279206,9300603819,6766229014,8924612434,36080748,2399334970,989403547,12483531541,3618087518,977882361,887786160,3323978912,288697318,750607641,5230164205
10-09-24,1140001121,2160138945,2463123478,143784657,959197790,585938609,3090246466,279179756,1596662097,618996320,7309778829,6083160811,807517999,6162728327,265468580,166829701,274010515,6575099643,680550136,2713665096,7608122302,2150979347,2247216523,1418548345,2349591262,7036188396,778725005,4152028475,14121238383,12484721471,6353284188,2445453966,1987951298,1374848104,455915953,1243528831,314402574,964157160,9696666134,12580279206,9300603819,6766229014,8924612434,36080748,2399334970,989403547,12483531541,3618087518,977882361,887786160,3680610556,288697318,750607641,5230164205
30-09-24,1140001121,2160138945,2463123478,143784657,959197790,580801623,3093254378,279257608,1596662097,618996320,7309778829,6085442148,807566979,6162728327,265468580,166876946,274060710,6575099643,680550136,2713665096,7630778309,2152221207,2247216523,2127822517,2349591262,7046201442,778993088,4152146817,14121238383,12507598701,6353284188,2445453966,1988120012,1374994900,456143312,1243528831,314402574,964157160,9696666134,12580279206,9300603819,6766229014,8924620034,36080748,2399334970,989403547,12483531541,3618087518,978349548,887786160,3680884120,288697318,750607641,5231382705
01-11-24,1140001121,2160138945,2463123478,143784657,959197790,580801623,3093254378,279257608,1596662097,618996320,7309778829,6085442148,807566979,6162728327,265468580,166876946,274060710,6575099643,680550136,2713665096,7630778309,2152221207,2247216523,2127822517,2349591262,7046201442,778993088,4152146817,14121238383,12507598701,6353284188,2445453966,1988120012,1374994900,456143312,1243528831,314402574,964157160,9696666134,12580279206,9300603819,13532372898,8924620034,36080748,2399334970,989403547,12483531541,3618087518,978349548,887786160,3680884120,288697318,750607641,5231382705
08-11-24,1140001121,2160138945,2463123478,143784657,959197790,580801623,3093254378,279257608,1596662097,618996320,7309778829,6085442148,807566979,6162728327,265468580,166876946,274060710,6575099643,680550136,2713665096,7630778309,2152221207,2247216523,2127822517,2349591262,7046201442,778993088,4152146817,14121238383,12507598701,6353284188,2445453966,1988120012,1374994900,456143312,1243528831,314402574,964157160,9696666134,12580279206,9300603819,13532372898,8924620034,36080748,2399334970,989403547,12483531541,3618087518,978349548,887786160,3680884120,288697318,750607641,5231754495
10-12-24,1140001121,2160138945,2463123478,143784657,959197790,580801623,3093254378,279257608,1596662097,618996320,7309778829,6085442148,807566979,6162728327,265468580,166876946,274060710,6575099643,680550136,2713665096,7630778309,2152221207,2247216523,2127822517,2349591262,7046201442,778993088,4152146817,14121238383,12507598701,6353284188,2445453966,1988120012,1374994900,456143312,1243528831,314402574,964157160,9696666134,12580279206,9300603819,13532372898,8924620034,36080748,2399334970,989403547,12483531541,3618087518,978349548,887786160,3680884120,288697318,750607641,10464188804
27-12-24,1140001121,2160138945,2463123478,143784657,959197790,580801623,3093254378,279257608,1596662097,618996320,7309778829,6085442148,807566979,6162728327,265468580,166876946,274060710,6575099643,680550136,2713665096,7630778309,2152221207,2247216523,2127822517,2349591262,7046201442,778993088,4152146817,14121238383,12507598701,6353284188,2445453966,1988120012,1374994900,456143312,1243528831,314402574,964157160,9696666134,12580279206,9300603819,13532372898,8924620034,36080748,2399334970,989403547,12483531541,3618087518,978349548,887786160,3680884120,288697318,844400270,10464188804
31-12-24,1154180729,2160138945,2463123478,143784657,959197790,580801623,3095171531,279257608,1596662097,618996470,7309778829,6088120683,807614040,6162728327,265468580,834423960,274132460,6575099643,680580576,2713665096,7648315544,2152802811,2247226523,2127822517,2349591262,7059490315,779051673,4152269194,14121238383,12511710391,6353141623,2445453966,1988173671,1375130635,456234542,1243528831,314402574,964157160,9696666134,12580279206,9300603819,13532372898,8924620034,36080748,2399334970,989458618,12483531541,3618087518,978787074,887786160,3681124896,288700060,844400270,10469234681
27-01-25,1154180729,2160138945,2463123478,143784657,959197790,580801623,3095171531,279257608,1596662097,618996470,7309778829,6088120683,807614040,6162728327,265468580,834423960,274132460,6575099643,680580576,2713665096,7648315544,2152802811,2247226523,2127822517,2349591262,7059490315,779051673,4152269194,14121238383,12511710391,6353141623,2445453966,1988173671,1375130635,456234542,1243528831,314402574,964157160,9696666134,12580279206,9300603819,13532372898,8924620034,36080748,2399334970,989458618,12483531541,3618087518,978787074,887786160,3681124896,288700060,844433596,10469234681
31-03-25,1154180729,2160138945,2463123478,143784657,959197790,580801623,3097369066,279257608,1596662097,621428652,7309778829,6094392981,807617120,6162728327,265468580,834455365,274164080,6575099643,680580576,2713665096,7652221674,2152988187,2247226523,2127822517,2349591262,7121927830,779054472,4153263455,14121238383,12514119781,6353141623,2445453966,1988222993,1375192165,456565045,1243528831,314402574,964157160,9696666134,12580279206,9300603819,13532372898,8924620034,36080748,2399334970,989498558,12483531541,3618087518,978993712,887786160,3681348742,294677410,844433596,10472136049
13-06-25,1154180729,2160138945,2463123478,143784657,959197790,580801623,3097369066,279257608,1596662097,621428652,7309778829,6094392981,807617120,6162728327,265468580,834455365,274164080,6575099643,680580576,2713665096,7652221674,2152988187,2247226523,2127822517,2349591262,7121927830,779054472,4153263455,14121238383,12514119781,6353141623,2445453966,1988222993,1375192165,456565045,1243528831,314402574,964157160,9696666134,12580279206,9300603819,13532372898,8924620034,36080748,2399334970,989498558,12483531541,3618087518,978993712,887786160,3681348742,294677410,844433596,10481700300
24-06-25,1154180729,2160138945,2463123478,143784657,959197790,580801623,3097369066,279257608,1596662097,6214286520,7309778829,6094392981,807617120,6162728327,265468580,834455365,274164080,6575099643,680580576,2713665096,7652221674,2152988187,2247226523,2127822517,2349591262,7121927830,779054472,4153263455,14121238383,12514119781,6353141623,2445453966,1988222993,1375192165,456565045,1243528831,314402574,964157160,9696666134,12580279206,9300603819,13532372898,8924620034,36080748,2399334970,989498558,12483531541,3618087518,978993712,887786160,3681348742,294677410,844433596,10481700300
30-06-25,1154180729,2160138945,2463123478,143784657,959197790,580801623,3101188425,279257608,1597813220,6214286520,7309778829,6094392981,807794617,6162728327,265468580,834581775,274252240,6575099643,680580576,2713665096,7667913646,2154693826,2247226523,2127822517,2349591262,7135539512,779055872,4154272628,14121238383,12517542141,6353141623,2445453966,1988320316,1375359426,456716123,1243528831,314402574,964157160,9696666134,12580279206,9300603819,13532472634,8924620034,36080748,2399334970,989533750,12483531541,3618087518,979207885,887786160,3681462325,294679171,844433596,10482318130
21-07-25,1154180729,2160138945,2463123478,143784657,959197790,580801623,3101188425,279257608,1597813220,6214286520,7309778829,6094392981,807794617,6162728327,265468580,834581775,274252240,6575099643,680580576,2713665096,7667913646,2154693826,2247226523,2127822517,2349591262,7135539512,779055872,4154272628,14121238383,12517542141,6353141623,2445453966,1988320316,1375359426,456716123,1243528831,314402574,964157160,9696666134,12580279206,9300603819,13532472634,9230617586,36080748,2399334970,989533750,12483531541,3618087518,979207885,887786160,3681462325,294679171,844433596,10482318130
14-08-25,1154180729,2160138945,2463123478,143784657,959197790,580801623,3101188425,279257608,1597813220,6214286520,7309778829,6094392981,807794617,6162728327,265468580,834581775,274252240,6575099643,680580576,2713665096,7667913646,2154693826,2247226523,2127822517,2349591262,7135539512,779055872,4154272628,14121238383,12517542141,6353141623,2445453966,1988320316,1375359426,456716123,1243528831,314402574,1928314320,9696666134,12580279206,9300603819,13532472634,9230617586,36080748,2399334970,989533750,12483531541,3618087518,979207885,887786160,3681462325,294679171,844433596,10482318130
28-08-25,1154180729,2160138945,2463123478,143784657,959197790,580801623,3101188425,279257608,1597813220,6214286520,7309778829,6094392981,807794617,6162728327,265468580,834581775,274252240,6575099643,680580576,2713665096,15354079522,2154693826,2247226523,2127822517,2349591262,7135539512,779055872,4154272628,14121238383,12517542141,6353141623,2445453966,1988320316,1375359426,456716123,1243528831,314402574,1928314320,9696666134,12580279206,9300603819,13532472634,9230617586,36080748,2399334970,989533750,12483531541,3618087518,979207885,887786160,3681462325,294679171,844433596,10482318130
30-09-25,1154180729,2160138945,2471823478,143784657,959197790,580801623,3102879031,279257608,1597813220,6222481865,7309778829,6094392981,807765695,6162728327,265468580,834613760,274277990,6575099643,680580576,2713665096,15363698554,2156086337,2247226523,2127822517,2349591262,7143705861,779075972,4154401349,14121238383,12527130431,6353141623,2445453966,1988592513,1375556003,456757868,1243528831,314402574,1928314320,9696666134,12580279206,9300603819,13532472634,9230617586,36080748,2399334970,989541732,12483531541,3618087518,979562303,887786160,3682274653,294679171,844433596,10483772400
