,symbol,report_date,total_shares
0,ADANIENT,2025-09-30,1154180729
1,ADANIENT,2025-06-30,1154180729
2,ADANIENT,2025-03-31,1154180729
3,ADANIENT,2024-12-31,1154180729
4,ADANIENT,2024-09-30,1140001121
5,ADANIENT,2024-06-30,1140001121
6,ADANIENT,2024-03-31,1140001121
7,ADANIENT,2023-12-31,1140001121
8,ADANIENT,2023-09-30,1140001121
9,ADANIENT,2023-06-30,1140001121
10,ADANIENT,2023-03-31,1140001121
11,ADANIENT,2022-12-31,1140001121
12,ADANIENT,2022-09-30,1140001121
13,ADANIENT,2022-06-30,1140001121
14,ADANIENT,2022-05-12,1140001121
15,ADANIENT,2022-03-31,1099810083
16,ADANIENT,2021-12-31,1099810083
17,ADANIENT,2021-09-30,1099810083
18,ADANIENT,2021-06-30,1099810083
19,ADANIENT,2021-03-31,1099810083
20,ADANIENT,2020-12-31,1099810083
21,ADANIENT,2020-09-30,1099810083
22,ADANIENT,2020-06-30,1099810083
23,ADANIENT,2020-03-31,1099810083
24,ADANIENT,2019-12-31,1099810083
25,ADANIENT,2019-09-30,1099810083
26,ADANIENT,2019-06-30,1099810083
27,ADANIENT,2019-03-31,1099810083
28,ADANIENT,2018-12-31,1099810083
29,ADANIENT,2018-09-30,1099810083
30,ADANIENT,2018-06-30,1099810083
31,ADANIPORTS,2025-09-30,2160138945
32,ADANIPORTS,2025-06-30,2160138945
33,ADANIPORTS,2025-03-31,2160138945
34,ADANIPORTS,2024-12-31,2160138945
35,ADANIPORTS,2024-09-30,2160138945
36,ADANIPORTS,2024-06-30,2160138945
37,ADANIPORTS,2024-03-31,2160138945
38,ADANIPORTS,2023-12-31,2160138945
39,ADANIPORTS,2023-09-30,2160138945
40,ADANIPORTS,2023-06-30,2160138945
41,ADANIPORTS,2023-03-31,2160138945
42,ADANIPORTS,2022-12-31,2160138945
43,ADANIPORTS,2022-10-19,2160138945
44,ADANIPORTS,2022-09-30,2112373230
45,ADANIPORTS,2022-06-30,2112373230
46,ADANIPORTS,2022-03-31,2112373230
47,ADANIPORTS,2022-02-21,2112373230
48,ADANIPORTS,2021-12-31,2041751761
49,ADANIPORTS,2021-09-30,2041751761
50,ADANIPORTS,2021-06-30,2041751761
51,ADANIPORTS,2021-03-31,2031751761
52,ADANIPORTS,2020-12-31,2031751761
53,ADANIPORTS,2020-09-30,2031751761
54,ADANIPORTS,2020-03-31,2031751761
55,ADANIPORTS,2019-12-31,2031751761
56,ADANIPORTS,2019-09-30,2031751761
57,ADANIPORTS,2019-06-30,2070951761
58,ADANIPORTS,2019-03-31,2070951761
59,ADANIPORTS,2018-12-31,2070951761
60,ADANIPORTS,2018-09-30,2070951761
61,ADANIPORTS,2018-06-30,2070951761
62,ADANIPORTS,2018-03-31,2070951761
63,AMBUJACEM,2025-09-30,2471823478
64,AMBUJACEM,2025-06-30,2463123478
65,AMBUJACEM,2025-03-31,2463123478
66,AMBUJACEM,2024-12-31,2463123478
67,AMBUJACEM,2024-09-30,2463123478
68,AMBUJACEM,2024-06-30,2463123478
69,AMBUJACEM,2024-04-12,2463123478
70,AMBUJACEM,2024-03-31,2197675987
71,AMBUJACEM,2024-03-29,2197675987
72,AMBUJACEM,2023-12-31,1985645229
73,AMBUJACEM,2023-09-30,1985645229
74,AMBUJACEM,2023-06-30,1985645229
75,AMBUJACEM,2023-03-31,1985843229
76,AMBUJACEM,2022-12-31,1985645229
77,AMBUJACEM,2022-09-30,1985645229
78,AMBUJACEM,2022-06-30,1985645229
79,AMBUJACEM,2022-03-31,1985645229
80,AMBUJACEM,2021-12-31,1985645229
81,AMBUJACEM,2021-09-30,1985645229
82,AMBUJACEM,2021-06-30,1985645229
83,AMBUJACEM,2021-03-31,1985645229
84,AMBUJACEM,2020-12-31,1985645229
85,AMBUJACEM,2020-09-30,1985645229
86,AMBUJACEM,2020-06-30,1985645229
87,AMBUJACEM,2020-03-31,1985645229
88,AMBUJACEM,2019-12-31,1985645229
89,AMBUJACEM,2019-09-30,1985645229
90,AMBUJACEM,2019-06-30,1985645229
91,AMBUJACEM,2019-03-31,1985645229
92,AMBUJACEM,2018-12-31,1985645229
93,AMBUJACEM,2018-09-30,1985645229
94,AMBUJACEM,2018-06-30,1985645229
95,APOLLOHOSP,2025-09-30,143784657
96,APOLLOHOSP,2025-06-30,143784657
97,APOLLOHOSP,2025-03-31,143784657
98,APOLLOHOSP,2024-12-31,143784657
99,APOLLOHOSP,2024-09-30,143784657
100,APOLLOHOSP,2024-06-30,143784657
101,APOLLOHOSP,2024-03-31,143784657
102,APOLLOHOSP,2023-12-31,143784657
103,APOLLOHOSP,2023-09-30,143784657
104,APOLLOHOSP,2023-06-30,143784657
105,APOLLOHOSP,2023-03-31,143784657
106,APOLLOHOSP,2022-12-31,143784657
107,APOLLOHOSP,2022-09-30,143784657
108,APOLLOHOSP,2022-06-30,143784657
109,APOLLOHOSP,2022-03-31,143784657
110,APOLLOHOSP,2021-12-31,143784657
111,APOLLOHOSP,2021-09-30,143784657
112,APOLLOHOSP,2021-06-30,143784657
113,APOLLOHOSP,2021-03-31,143784657
114,APOLLOHOSP,2021-01-23,143784657
115,APOLLOHOSP,2020-12-31,139125159
116,APOLLOHOSP,2020-09-30,139125159
117,APOLLOHOSP,2020-06-30,139125159
118,APOLLOHOSP,2020-03-31,139125159
119,APOLLOHOSP,2019-12-31,139125159
120,APOLLOHOSP,2019-09-30,139125159
121,APOLLOHOSP,2019-06-30,139125159
122,APOLLOHOSP,2019-03-31,139125159
123,APOLLOHOSP,2018-12-31,139125159
124,APOLLOHOSP,2018-09-30,139125159
125,APOLLOHOSP,2018-06-30,139125159
126,ASIANPAINT,2025-09-30,959197790
127,ASIANPAINT,2025-06-30,959197790
128,ASIANPAINT,2025-03-31,959197790
129,ASIANPAINT,2024-12-31,959197790
130,ASIANPAINT,2024-09-30,959197790
131,ASIANPAINT,2024-06-30,959197790
132,ASIANPAINT,2024-03-31,959197790
133,ASIANPAINT,2023-12-31,959197790
134,ASIANPAINT,2023-09-30,959197790
135,ASIANPAINT,2023-06-30,959197790
136,ASIANPAINT,2023-03-31,959197790
137,ASIANPAINT,2022-12-31,959197790
138,ASIANPAINT,2022-09-30,959197790
139,ASIANPAINT,2022-06-30,959197790
140,ASIANPAINT,2022-03-31,959197790
141,ASIANPAINT,2021-12-31,959197790
142,ASIANPAINT,2021-09-30,959197790
143,ASIANPAINT,2021-06-30,959197790
144,ASIANPAINT,2021-03-31,959197790
145,ASIANPAINT,2020-12-31,959197790
146,ASIANPAINT,2020-09-30,959197790
147,ASIANPAINT,2020-06-30,959197790
148,ASIANPAINT,2020-03-31,959197790
149,ASIANPAINT,2019-12-31,959197790
150,ASIANPAINT,2019-09-30,959197790
151,ASIANPAINT,2019-06-30,959197790
152,ASIANPAINT,2019-03-31,959197790
153,ASIANPAINT,2018-12-31,959197790
154,ASIANPAINT,2018-09-30,959197790
155,ASIANPAINT,2018-06-30,959197790
156,ASIANPAINT,2018-03-31,959197790
157,AUROPHARMA,2025-09-30,580801623
158,AUROPHARMA,2025-06-30,580801623
159,AUROPHARMA,2025-03-31,580801623
160,AUROPHARMA,2024-12-31,580801623
161,AUROPHARMA,2024-09-30,580801623
162,AUROPHARMA,2024-06-30,585938609
163,AUROPHARMA,2024-03-31,585938609
164,AUROPHARMA,2023-12-31,585938609
165,AUROPHARMA,2023-09-30,585938609
166,AUROPHARMA,2023-06-30,585938609
167,AUROPHARMA,2023-03-31,585938609
168,AUROPHARMA,2022-12-31,585938609
169,AUROPHARMA,2022-09-30,585938609
170,AUROPHARMA,2022-06-30,585938609
171,AUROPHARMA,2022-03-31,585938609
172,AUROPHARMA,2021-12-31,585938609
173,AUROPHARMA,2021-09-30,585938609
174,AUROPHARMA,2021-06-30,585938609
175,AUROPHARMA,2021-03-31,585938609
176,AUROPHARMA,2020-12-31,585938609
177,AUROPHARMA,2020-09-30,585938609
178,AUROPHARMA,2020-06-30,585938609
179,AUROPHARMA,2020-03-31,585938609
180,AUROPHARMA,2019-12-31,585938609
181,AUROPHARMA,2019-09-30,585938609
182,AUROPHARMA,2019-06-30,585915609
183,AUROPHARMA,2019-03-31,585915609
184,AUROPHARMA,2018-12-31,585907609
185,AUROPHARMA,2018-09-30,585907609
186,AUROPHARMA,2018-06-30,585907609
187,AXISBANK,2025-09-30,3102879031
188,AXISBANK,2025-06-30,3101188425
189,AXISBANK,2025-03-31,3097369066
190,AXISBANK,2024-12-31,3095171531
191,AXISBANK,2024-09-30,3093254378
192,AXISBANK,2024-06-30,3090246466
193,AXISBANK,2024-03-31,3086570375
194,AXISBANK,2023-12-31,3084019057
195,AXISBANK,2023-09-30,3081760824
196,AXISBANK,2023-06-30,3079738904
197,AXISBANK,2023-03-31,3076852012
198,AXISBANK,2022-12-31,3074956918
199,AXISBANK,2022-09-30,3072321111
200,AXISBANK,2022-06-30,3071432148
201,AXISBANK,2022-03-31,3069747836
202,AXISBANK,2021-12-31,3067661758
203,AXISBANK,2021-09-30,3066645378
204,AXISBANK,2021-06-30,3065268517
205,AXISBANK,2021-03-31,3063748652
206,AXISBANK,2020-12-31,3061465082
207,AXISBANK,2020-09-30,3060161084
208,AXISBANK,2020-08-11,3060066034
209,AXISBANK,2020-06-30,2822022959
210,AXISBANK,2020-03-31,2821677934
211,AXISBANK,2019-12-31,2819752963
212,AXISBANK,2019-09-30,2819155633
213,AXISBANK,2019-09-26,2819004453
214,AXISBANK,2019-06-30,2619519511
215,AXISBANK,2019-03-31,2571644871
216,AXISBANK,2018-12-31,2569909771
217,AXISBANK,2018-09-30,2569115216
218,AXISBANK,2018-06-30,2567940686
219,BAJAJ,2025-09-30,279257608
220,BAJAJ,2025-06-30,279257608
221,BAJAJ,2025-03-31,279257608
222,BAJAJ,2024-12-31,279257608
223,BAJAJ,2024-09-30,279257608
224,BAJAJ,2024-06-30,279179756
225,BAJAJ,2024-03-31,279179756
226,BAJAJ,2023-12-31,283179756
227,BAJAJ,2023-09-30,282957358
228,BAJAJ,2023-06-30,282957358
229,BAJAJ,2023-03-31,282957358
230,BAJAJ,2022-12-31,282957358
231,BAJAJ,2022-09-30,283679761
232,BAJAJ,2022-06-30,289367020
233,BAJAJ,2021-12-31,289367020
234,BAJAJ,2021-09-30,289367020
235,BAJAJ,2021-06-30,289367020
236,BAJAJ,2021-03-31,289367020
237,BAJAJ,2020-12-31,289367020
238,BAJAJ,2020-09-30,289367020
239,BAJAJ,2020-06-30,289367020
240,BAJAJ,2020-03-31,289367020
241,BAJAJ,2019-12-31,289367020
242,BAJAJ,2019-09-30,289367020
243,BAJAJ,2019-06-30,289367020
244,BAJAJ,2019-03-31,289367020
245,BAJAJ,2018-12-31,289367020
246,BAJAJ,2018-09-30,289367020
247,BAJAJ,2018-06-30,289367020
248,BAJAJ,2018-03-31,289367020
249,BAJAJFINSV,2025-09-30,1597813220
250,BAJAJFINSV,2025-06-30,1597813220
251,BAJAJFINSV,2025-03-31,1596662097
252,BAJAJFINSV,2024-12-31,1596662097
253,BAJAJFINSV,2024-09-30,1596662097
254,BAJAJFINSV,2024-06-30,1596662097
255,BAJAJFINSV,2024-03-31,1595488813
256,BAJAJFINSV,2023-12-31,1595488813
257,BAJAJFINSV,2023-09-30,1595488813
258,BAJAJFINSV,2023-06-30,1592815460
259,BAJAJFINSV,2023-03-31,1592815460
260,BAJAJFINSV,2022-12-31,1592815460
261,BAJAJFINSV,2022-09-30,1592815460
262,BAJAJFINSV,2022-06-30,159137444
263,BAJAJFINSV,2022-03-31,159137444
264,BAJAJFINSV,2021-12-31,159137444
265,BAJAJFINSV,2021-09-30,159137444
266,BAJAJFINSV,2021-06-30,159137444
267,BAJAJFINSV,2021-03-31,159137444
268,BAJAJFINSV,2020-12-31,159137444
269,BAJAJFINSV,2020-09-30,159137444
270,BAJAJFINSV,2020-06-30,159137290
271,BAJAJFINSV,2020-03-31,159137290
272,BAJAJFINSV,2019-12-31,159137290
273,BAJAJFINSV,2019-09-30,159137290
274,BAJAJFINSV,2019-06-30,159136111
275,BAJAJFINSV,2019-03-31,159136111
276,BAJAJFINSV,2018-12-31,159136111
277,BAJAJFINSV,2018-09-30,159136111
278,BAJAJFINSV,2018-06-30,159135097
279,BAJFINANCE,2025-09-30,6222481865
280,BAJFINANCE,2025-06-30,6214286520
281,BAJFINANCE,2025-06-24,6214286520
282,BAJFINANCE,2025-03-31,621428652
283,BAJFINANCE,2024-12-31,618996470
284,BAJFINANCE,2024-09-30,618996320
285,BAJFINANCE,2024-06-30,618996320
286,BAJFINANCE,2024-03-31,618996320
287,BAJFINANCE,2023-12-31,618023077
288,BAJFINANCE,2023-11-09,618023077
289,BAJFINANCE,2023-09-30,605918538
290,BAJFINANCE,2023-06-30,605918538
291,BAJFINANCE,2023-03-31,605429233
292,BAJFINANCE,2022-12-31,605429233
293,BAJFINANCE,2022-09-30,605429233
294,BAJFINANCE,2022-06-30,605429233
295,BAJFINANCE,2022-03-31,605429233
296,BAJFINANCE,2021-12-31,603594345
297,BAJFINANCE,2021-06-30,603594345
298,BAJFINANCE,2021-03-31,602587339
299,BAJFINANCE,2020-12-31,602587339
300,BAJFINANCE,2020-09-30,602587339
301,BAJFINANCE,2020-03-31,601689069
302,BAJFINANCE,2019-12-31,601689069
303,BAJFINANCE,2019-11-07,601689069
304,BAJFINANCE,2019-09-30,579894198
305,BAJFINANCE,2019-06-30,579894198
306,BAJFINANCE,2019-03-31,577968388
307,BAJFINANCE,2018-12-31,577968388
308,BAJFINANCE,2018-09-30,577968388
309,BAJFINANCE,2018-06-30,577968388
310,BAJFINANCE,2018-03-31,577968388
311,BEL,2025-09-30,7309778829
312,BEL,2025-06-30,7309778829
313,BEL,2025-03-31,7309778829
314,BEL,2024-12-31,7309778829
315,BEL,2024-09-30,7309778829
316,BEL,2024-06-30,7309778829
317,BEL,2024-03-31,7309778829
318,BEL,2023-12-31,7309778829
319,BEL,2023-09-30,7309778829
320,BEL,2023-06-30,7309778829
321,BEL,2023-03-31,7309778829
322,BEL,2022-12-31,7309778829
323,BEL,2022-09-30,7309778829
324,BEL,2022-09-19,7309778829
325,BEL,2022-06-30,2436592943
326,BEL,2022-03-31,2436592943
327,BEL,2021-12-31,2436592943
328,BEL,2021-09-30,2436592943
329,BEL,2021-06-30,2436592943
330,BEL,2021-03-31,2436592943
331,BEL,2020-12-31,2436592943
332,BEL,2020-09-30,2436592943
333,BEL,2020-06-30,2436592943
334,BEL,2020-03-31,2436592943
335,BEL,2019-12-31,2436592943
336,BEL,2019-09-30,2436592943
337,BEL,2019-06-30,2436592943
338,BEL,2019-03-31,2436592943
339,BEL,2018-12-31,2436592943
340,BEL,2018-09-30,2436592943
341,BEL,2018-06-30,2436592943
342,BHARTIARTL,2025-09-30,6094392981
343,BHARTIARTL,2025-06-30,6094392981
344,BHARTIARTL,2025-03-31,6094392981
345,BHARTIARTL,2024-12-31,6088120683
346,BHARTIARTL,2024-09-30,6085442148
347,BHARTIARTL,2024-06-30,6083160811
348,BHARTIARTL,2024-03-31,6047374739
349,BHARTIARTL,2023-12-31,6017220484
350,BHARTIARTL,2023-09-30,5997632401
351,BHARTIARTL,2023-06-30,5973548138
352,BHARTIARTL,2023-03-31,5967422312
353,BHARTIARTL,2022-12-31,5956708229
354,BHARTIARTL,2022-09-30,5955519312
355,BHARTIARTL,2022-06-30,5884314930
356,BHARTIARTL,2021-12-31,5884314930
357,BHARTIARTL,2021-11-06,5884314930
358,BHARTIARTL,2021-09-30,5492027268
359,BHARTIARTL,2021-06-30,5492027268
360,BHARTIARTL,2021-03-31,5492027268
361,BHARTIARTL,2020-12-31,5455557355
362,BHARTIARTL,2020-09-30,5455557355
363,BHARTIARTL,2020-06-30,5455557355
364,BHARTIARTL,2020-03-31,5455557355
365,BHARTIARTL,2020-01-15,5455557355
366,BHARTIARTL,2019-12-31,5131961850
367,BHARTIARTL,2019-09-30,5131961850
368,BHARTIARTL,2019-06-30,5130991182
369,BHARTIARTL,2019-05-28,5130991182
370,BHARTIARTL,2019-03-31,3997400107
371,BHARTIARTL,2018-12-31,3997400107
372,BHARTIARTL,2018-09-30,3997400107
373,BHARTIARTL,2018-06-30,3997400107
374,BHARTIARTL,2018-03-31,3997400102
375,CIPLA,2025-09-30,807765695
376,CIPLA,2025-06-30,807794617
377,CIPLA,2025-03-31,807617120
378,CIPLA,2024-12-31,807614040
379,CIPLA,2024-09-30,807566979
380,CIPLA,2024-06-30,807517999
381,CIPLA,2024-03-31,807367062
382,CIPLA,2023-12-31,807350398
383,CIPLA,2023-09-30,807325429
384,CIPLA,2023-06-30,807224436
385,CIPLA,2023-03-31,807150593
386,CIPLA,2022-12-31,807139168
387,CIPLA,2022-09-30,807001603
388,CIPLA,2022-06-30,806907203
389,CIPLA,2022-03-31,806814036
390,CIPLA,2021-12-31,806790214
391,CIPLA,2021-09-30,806653624
392,CIPLA,2021-06-30,806596753
393,CIPLA,2021-03-31,806463279
394,CIPLA,2020-12-31,806455229
395,CIPLA,2020-09-30,806337456
396,CIPLA,2020-03-31,806235329
397,CIPLA,2019-12-31,806227596
398,CIPLA,2019-09-30,806077497
399,CIPLA,2019-06-30,805828425
400,CIPLA,2019-03-31,805701266
401,CIPLA,2018-12-31,805667509
402,CIPLA,2018-09-30,805227852
403,CIPLA,2018-06-30,805191188
404,CIPLA,2018-03-31,805119164
405,COALINDIA,2025-09-30,6162728327
406,COALINDIA,2025-06-30,6162728327
407,COALINDIA,2025-03-31,6162728327
408,COALINDIA,2024-12-31,6162728327
409,COALINDIA,2024-09-30,6162728327
410,COALINDIA,2024-06-30,6162728327
411,COALINDIA,2024-03-31,6162728327
412,COALINDIA,2023-12-31,6162728327
413,COALINDIA,2023-09-30,6162728327
414,COALINDIA,2023-06-30,6162728327
415,COALINDIA,2023-03-31,6162728327
416,COALINDIA,2022-12-31,6162728327
417,COALINDIA,2022-09-30,6162728327
418,COALINDIA,2022-06-30,6162728327
419,COALINDIA,2022-03-31,6162728327
420,COALINDIA,2021-12-31,6162728327
421,COALINDIA,2021-09-30,6162728327
422,COALINDIA,2021-06-30,6162728327
423,COALINDIA,2021-03-31,6162728327
424,COALINDIA,2020-12-31,6162728327
425,COALINDIA,2020-09-30,6162728327
426,COALINDIA,2020-06-30,6162728327
427,COALINDIA,2020-03-31,6162728327
428,COALINDIA,2019-12-31,6162728327
429,COALINDIA,2019-09-30,6162728327
430,COALINDIA,2019-06-30,6162728327
431,COALINDIA,2019-03-31,6162728327
432,COALINDIA,2018-12-31,6207409177
433,COALINDIA,2018-09-30,6207409177
434,COALINDIA,2018-06-30,6207409177
435,DIVISLAB,2025-09-30,265468580
436,DIVISLAB,2025-06-30,265468580
437,DIVISLAB,2025-03-31,265468580
438,DIVISLAB,2024-12-31,265468580
439,DIVISLAB,2024-09-30,265468580
440,DIVISLAB,2024-06-30,265468580
441,DIVISLAB,2024-03-31,265468580
442,DIVISLAB,2023-12-31,265468580
443,DIVISLAB,2023-09-30,265468580
444,DIVISLAB,2023-06-30,265468580
445,DIVISLAB,2023-03-31,265468580
446,DIVISLAB,2022-12-31,265468580
447,DIVISLAB,2022-09-30,265468580
448,DIVISLAB,2022-06-30,265468580
449,DIVISLAB,2022-03-31,265468580
450,DIVISLAB,2021-12-31,265468580
451,DIVISLAB,2021-09-30,265468580
452,DIVISLAB,2021-06-30,265468580
453,DIVISLAB,2021-03-31,265468580
454,DIVISLAB,2020-12-31,265468580
455,DIVISLAB,2020-09-30,265468580
456,DIVISLAB,2020-06-30,265468580
457,DIVISLAB,2020-03-31,265468580
458,DIVISLAB,2019-12-31,265468580
459,DIVISLAB,2019-09-30,265468580
460,DIVISLAB,2019-06-30,265468580
461,DIVISLAB,2019-03-31,265468580
462,DIVISLAB,2018-12-31,265468580
463,DIVISLAB,2018-09-30,265468580
464,DIVISLAB,2018-06-30,265468580
465,DRREDDY,2025-09-30,834613760
466,DRREDDY,2025-06-30,834581775
467,DRREDDY,2025-03-31,834455365
468,DRREDDY,2024-12-31,834423960
469,DRREDDY,2024-09-30,166876946
470,DRREDDY,2024-06-30,166829701
471,DRREDDY,2024-03-31,166818266
472,DRREDDY,2023-12-31,166809397
473,DRREDDY,2023-09-30,166784764
474,DRREDDY,2023-06-30,166555501
475,DRREDDY,2023-03-31,166527876
476,DRREDDY,2022-12-31,166523639
477,DRREDDY,2022-09-30,166466613
478,DRREDDY,2022-06-30,166441018
479,DRREDDY,2022-03-31,166425849
480,DRREDDY,2021-12-31,166416892
481,DRREDDY,2021-09-30,166398811
482,DRREDDY,2021-06-30,166360134
483,DRREDDY,2021-03-31,166301231
484,DRREDDY,2020-12-31,166298116
485,DRREDDY,2020-09-30,166269279
486,DRREDDY,2020-06-30,166232516
487,DRREDDY,2020-03-31,166172082
488,DRREDDY,2019-12-31,166163148
489,DRREDDY,2019-09-30,166145748
490,DRREDDY,2019-06-30,166113840
491,DRREDDY,2019-03-31,166065948
492,DRREDDY,2018-12-31,166060861
493,DRREDDY,2018-09-30,166045857
494,DRREDDY,2018-06-30,165973228
495,DRREDDY,2018-03-31,165910907
496,EICHERMOT,2025-09-30,274277990
497,EICHERMOT,2025-06-30,274252240
498,EICHERMOT,2025-03-31,274164080
499,EICHERMOT,2024-12-31,274132460
500,EICHERMOT,2024-09-30,274060710
501,EICHERMOT,2024-06-30,274010515
502,EICHERMOT,2024-03-31,273805630
503,EICHERMOT,2023-12-31,273775500
504,EICHERMOT,2023-09-30,273749460
505,EICHERMOT,2023-06-30,273658460
506,EICHERMOT,2023-03-31,273481570
507,EICHERMOT,2022-12-31,273478020
508,EICHERMOT,2022-09-30,273455720
509,EICHERMOT,2022-06-30,273428852
510,EICHERMOT,2022-03-31,273423102
511,EICHERMOT,2021-12-31,273411022
512,EICHERMOT,2021-09-30,273399672
513,EICHERMOT,2021-06-30,273388422
514,EICHERMOT,2021-03-31,273335922
515,EICHERMOT,2020-12-31,273256830
516,EICHERMOT,2020-09-30,273229150
517,EICHERMOT,2020-03-31,27305473
518,EICHERMOT,2019-12-31,27304562
519,EICHERMOT,2019-09-30,27289722
520,EICHERMOT,2019-06-30,27288952
521,EICHERMOT,2019-03-31,27283473
522,EICHERMOT,2018-12-31,27275653
523,EICHERMOT,2018-09-30,27268603
524,EICHERMOT,2018-06-30,27266300
525,EICHERMOT,2018-03-31,27255549
526,GAIL,2025-09-30,6575099643
527,GAIL,2025-06-30,6575099643
528,GAIL,2025-03-31,6575099643
529,GAIL,2024-12-31,6575099643
530,GAIL,2024-09-30,6575099643
531,GAIL,2024-06-30,6575099643
532,GAIL,2024-03-31,6575099643
533,GAIL,2023-12-31,6575099643
534,GAIL,2023-09-30,6575099643
535,GAIL,2023-06-30,6575099643
536,GAIL,2023-03-31,6575099643
537,GAIL,2022-12-31,6575099643
538,GAIL,2022-09-30,6575099643
539,GAIL,2022-09-07,6575099643
540,GAIL,2022-06-30,4383399762
541,GAIL,2022-03-31,4440385225
542,GAIL,2021-12-31,4440385225
543,GAIL,2021-09-30,4440385225
544,GAIL,2021-06-30,4440385225
545,GAIL,2021-03-31,4440385225
546,GAIL,2020-12-31,4510141866
547,GAIL,2020-09-30,4510141866
548,GAIL,2020-06-30,4539703374
549,GAIL,2020-03-31,4535759610
550,GAIL,2019-12-31,4510141866
551,GAIL,2019-09-30,4510141866
552,GAIL,2019-06-30,4552004996
553,GAIL,2019-06-30,2276002498
554,GAIL,2019-03-31,2274337216
555,GAIL,2018-12-31,2255070934
556,GAIL,2018-09-30,2255070933
557,GAIL,2018-06-30,2255070933
558,GRASIM,2025-09-30,680580576
559,GRASIM,2025-06-30,680580576
560,GRASIM,2025-03-31,680580576
561,GRASIM,2024-12-31,680580576
562,GRASIM,2024-09-30,680550136
563,GRASIM,2024-06-30,680550136
564,GRASIM,2024-03-31,680550136
565,GRASIM,2024-02-09,680516022
566,GRASIM,2023-12-31,658448791
567,GRASIM,2023-09-30,658448791
568,GRASIM,2023-06-30,658432126
569,GRASIM,2023-03-31,658432126
570,GRASIM,2022-12-31,658401686
571,GRASIM,2022-09-30,658379936
572,GRASIM,2022-06-30,658295426
573,GRASIM,2022-03-31,658295426
574,GRASIM,2021-12-31,658286540
575,GRASIM,2021-09-30,658161372
576,GRASIM,2021-06-30,658077851
577,GRASIM,2021-03-31,658044844
578,GRASIM,2020-12-31,657951004
579,GRASIM,2020-09-30,657928218
580,GRASIM,2020-06-30,657806468
581,GRASIM,2020-03-31,657798938
582,GRASIM,2019-12-31,657798938
583,GRASIM,2019-09-30,657672734
584,GRASIM,2019-06-30,657609040
585,GRASIM,2019-03-31,657598363
586,GRASIM,2018-12-31,657591288
587,GRASIM,2018-09-30,657591288
588,GRASIM,2018-06-30,657578253
589,GRASIM,2018-03-31,657371435
590,HCLTECH,2025-09-30,2713665096
591,HCLTECH,2025-06-30,2713665096
592,HCLTECH,2025-03-31,2713665096
593,HCLTECH,2024-12-31,2713665096
594,HCLTECH,2024-09-30,2713665096
595,HCLTECH,2024-06-30,2713665096
596,HCLTECH,2024-03-31,2713665096
597,HCLTECH,2023-12-31,2713665096
598,HCLTECH,2023-09-30,2713665096
599,HCLTECH,2023-06-30,2713665096
600,HCLTECH,2023-03-31,2713665096
601,HCLTECH,2022-12-31,2713665096
602,HCLTECH,2022-09-30,2713665096
603,HCLTECH,2022-06-30,2713665096
604,HCLTECH,2022-03-31,2713665096
605,HCLTECH,2021-12-31,2713665096
606,HCLTECH,2021-09-30,2713665096
607,HCLTECH,2021-06-30,2713665096
608,HCLTECH,2021-03-31,2713665096
609,HCLTECH,2020-12-31,2713665096
610,HCLTECH,2020-09-30,2713665096
611,HCLTECH,2020-06-30,2713665096
612,HCLTECH,2020-03-31,2713665096
613,HCLTECH,2019-12-31,2713665096
614,HCLTECH,2019-12-10,2713665096
615,HCLTECH,2019-09-30,1356401188
616,HCLTECH,2019-06-30,1356278868
617,HCLTECH,2019-03-31,1356278868
618,HCLTECH,2018-12-31,1356261268
619,HCLTECH,2018-09-30,1392521664
620,HCLTECH,2018-06-30,1392406704
621,HCLTECH,2018-03-31,1392246384
622,HDFCBANK,2025-09-30,15363698554
623,HDFCBANK,2025-08-28,15354079522
624,HDFCBANK,2025-06-30,7667913646
625,HDFCBANK,2025-03-31,7652221674
626,HDFCBANK,2024-12-31,7648315544
627,HDFCBANK,2024-09-30,7630778309
628,HDFCBANK,2024-06-30,7608122302
629,HDFCBANK,2024-03-31,7596910662
630,HDFCBANK,2023-12-31,7592484734
631,HDFCBANK,2023-09-30,7581816038
632,HDFCBANK,2023-07-14,7537569464
633,HDFCBANK,2023-06-30,5591798806
634,HDFCBANK,2023-03-31,5579742786
635,HDFCBANK,2022-12-31,5576755396
636,HDFCBANK,2022-09-30,5569959026
637,HDFCBANK,2022-06-30,5554552746
638,HDFCBANK,2022-03-31,5545540976
639,HDFCBANK,2021-12-31,5542399476
640,HDFCBANK,2021-09-30,5537451890
641,HDFCBANK,2021-06-30,5526719098
642,HDFCBANK,2021-03-31,5512776482
643,HDFCBANK,2020-12-31,5507656932
644,HDFCBANK,2020-09-30,5503704156
645,HDFCBANK,2020-06-30,5490278560
646,HDFCBANK,2020-03-31,5483286460
647,HDFCBANK,2019-12-31,5477027068
648,HDFCBANK,2019-09-30,5470763894
649,HDFCBANK,2019-06-30,2732812271
650,HDFCBANK,2019-03-31,2723306610
651,HDFCBANK,2018-12-31,2719501383
652,HDFCBANK,2018-09-30,2717176187
653,HDFCBANK,2018-06-30,2604157867
654,HDFCLIFE,2025-09-30,2156086337
655,HDFCLIFE,2025-06-30,2154693826
656,HDFCLIFE,2025-03-31,2152988187
657,HDFCLIFE,2024-12-31,2152802811
658,HDFCLIFE,2024-09-30,2152221207
659,HDFCLIFE,2024-06-30,2150979347
660,HDFCLIFE,2024-03-31,2150944127
661,HDFCLIFE,2023-12-31,2150659616
662,HDFCLIFE,2023-09-30,2150064332
663,HDFCLIFE,2023-06-30,2149679456
664,HDFCLIFE,2023-03-31,2149396132
665,HDFCLIFE,2022-12-31,2149175005
666,HDFCLIFE,2022-09-30,2149104560
667,HDFCLIFE,2022-06-30,2113172584
668,HDFCLIFE,2022-03-31,2112619161
669,HDFCLIFE,2022-01-01,2111813255
670,HDFCLIFE,2021-12-31,2024791033
671,HDFCLIFE,2021-09-30,2023132113
672,HDFCLIFE,2021-06-30,2022140296
673,HDFCLIFE,2021-03-31,2020943966
674,HDFCLIFE,2020-12-31,2020456081
675,HDFCLIFE,2020-09-30,2019460732
676,HDFCLIFE,2020-06-30,2019173024
677,HDFCLIFE,2020-03-31,2018798399
678,HDFCLIFE,2019-12-31,2018606832
679,HDFCLIFE,2019-09-30,2017672019
680,HDFCLIFE,2019-06-30,2017489149
681,HDFCLIFE,2019-03-31,2017381157
682,HDFCLIFE,2018-12-31,2017256697
683,HDFCLIFE,2018-09-30,2013907962
684,HDFCLIFE,2018-06-30,2012517697
685,HDFCLIFE,2018-03-31,2011740043
686,HINDALCO,2025-09-30,2247226523
687,HINDALCO,2025-06-30,2247226523
688,HINDALCO,2025-03-31,2247226523
689,HINDALCO,2024-12-31,2247226523
690,HINDALCO,2024-09-30,2247216523
691,HINDALCO,2024-06-30,2247216523
692,HINDALCO,2024-03-31,2247216523
693,HINDALCO,2023-12-31,2247216523
694,HINDALCO,2023-09-30,2247216523
695,HINDALCO,2023-06-30,2247194585
696,HINDALCO,2023-03-31,2247194585
697,HINDALCO,2022-12-31,2247194585
698,HINDALCO,2022-09-30,2247175109
699,HINDALCO,2022-06-30,2247172724
700,HINDALCO,2022-03-31,2247172724
701,HINDALCO,2021-12-31,2247169840
702,HINDALCO,2021-09-30,2247114735
703,HINDALCO,2021-06-30,2246900609
704,HINDALCO,2021-03-31,2246684247
705,HINDALCO,2020-12-31,2246582938
706,HINDALCO,2020-09-30,2246352581
707,HINDALCO,2020-06-30,2246284546
708,HINDALCO,2020-03-31,2246222687
709,HINDALCO,2019-12-31,2246040614
710,HINDALCO,2019-09-30,2245924242
711,HINDALCO,2019-06-30,2245845916
712,HINDALCO,2019-03-31,2245530245
713,HINDALCO,2018-12-31,2245512385
714,HINDALCO,2018-09-30,2245349407
715,HINDALCO,2018-06-30,2245051892
716,HINDALCO,2018-03-31,2244962902
717,HINDPETRO,2025-09-30,2127822517
718,HINDPETRO,2025-06-30,2127822517
719,HINDPETRO,2025-03-31,2127822517
720,HINDPETRO,2024-12-31,2127822517
721,HINDPETRO,2024-09-30,2127822517
722,HINDPETRO,2024-06-30,1418548345
723,HINDPETRO,2024-06-25,2127822517
724,HINDPETRO,2024-03-31,1418548345
725,HINDPETRO,2023-12-31,1418548345
726,HINDPETRO,2023-09-30,1418548345
727,HINDPETRO,2023-06-30,1418548345
728,HINDPETRO,2023-03-31,1418548345
729,HINDPETRO,2022-12-31,1418548345
730,HINDPETRO,2022-09-30,1418548345
731,HINDPETRO,2022-06-30,1418548345
732,HINDPETRO,2021-12-31,1418548345
733,HINDPETRO,2021-09-30,1418548345
734,HINDPETRO,2021-06-30,1418548345
735,HINDPETRO,2021-05-14,1418548345
736,HINDPETRO,2021-03-31,1455845587
737,HINDPETRO,2020-12-31,1510388506
738,HINDPETRO,2020-09-30,1523822625
739,HINDPETRO,2020-06-30,1523822625
740,HINDPETRO,2020-03-31,1523822625
741,HINDPETRO,2019-12-31,1523822625
742,HINDPETRO,2019-09-30,1523822625
743,HINDPETRO,2019-06-30,1523822625
744,HINDPETRO,2019-03-31,1523822625
745,HINDPETRO,2018-12-31,1523822625
746,HINDPETRO,2018-09-30,1523822625
747,HINDPETRO,2018-06-30,1523822625
748,HINDPETRO,2018-03-31,1523822625
749,HINDUNILVR,2025-09-30,2349591262
750,HINDUNILVR,2025-06-30,2349591262
751,HINDUNILVR,2025-03-31,2349591262
752,HINDUNILVR,2024-12-31,2349591262
753,HINDUNILVR,2024-09-30,2349591262
754,HINDUNILVR,2024-06-30,2349591262
755,HINDUNILVR,2024-03-31,2349591262
756,HINDUNILVR,2023-12-31,2349591262
757,HINDUNILVR,2023-09-30,2349591262
758,HINDUNILVR,2023-06-30,2349591262
759,HINDUNILVR,2023-03-31,2349591262
760,HINDUNILVR,2022-12-31,2349591262
761,HINDUNILVR,2022-09-30,2349591262
762,HINDUNILVR,2022-06-30,2349591262
763,HINDUNILVR,2022-03-31,2349591262
764,HINDUNILVR,2021-12-31,2349591262
765,HINDUNILVR,2021-09-30,2349591262
766,HINDUNILVR,2021-06-30,2349588838
767,HINDUNILVR,2021-03-31,2349567819
768,HINDUNILVR,2020-12-31,2349556255
769,HINDUNILVR,2020-09-30,2349556255
770,HINDUNILVR,2020-06-30,2349550042
771,HINDUNILVR,2020-04-21,2349467999
772,HINDUNILVR,2020-03-31,2164844187
773,HINDUNILVR,2019-12-31,2164812057
774,HINDUNILVR,2019-09-30,2164812057
775,HINDUNILVR,2019-06-30,2164801037
776,HINDUNILVR,2019-03-31,2164704405
777,HINDUNILVR,2018-12-31,2164648943
778,HINDUNILVR,2018-09-30,2164648943
779,HINDUNILVR,2018-06-30,2164633806
780,HINDUNILVR,2018-03-31,2164528777
781,ICICIBANK,2025-09-30,7143705861
782,ICICIBANK,2025-06-30,7135539512
783,ICICIBANK,2025-03-31,7121927830
784,ICICIBANK,2024-12-31,7059490315
785,ICICIBANK,2024-09-30,7046201442
786,ICICIBANK,2024-06-30,7036188396
787,ICICIBANK,2024-03-31,7022335643
788,ICICIBANK,2023-12-31,7014826337
789,ICICIBANK,2023-09-30,7003087787
790,ICICIBANK,2023-06-30,6996650422
791,ICICIBANK,2023-03-31,6982815731
792,ICICIBANK,2022-12-31,6977024286
793,ICICIBANK,2022-09-30,6967876747
794,ICICIBANK,2022-06-30,6956354896
795,ICICIBANK,2022-03-31,6948771375
796,ICICIBANK,2021-12-31,6943351843
797,ICICIBANK,2021-09-30,6934409997
798,ICICIBANK,2021-06-30,6925037357
799,ICICIBANK,2021-03-31,6915992387
800,ICICIBANK,2020-12-31,6903693527
801,ICICIBANK,2020-09-30,6896223149
802,ICICIBANK,2020-08-15,6895410621
803,ICICIBANK,2020-06-30,6475980400
804,ICICIBANK,2020-03-31,6472765203
805,ICICIBANK,2019-12-31,6469353972
806,ICICIBANK,2019-09-30,6459674956
807,ICICIBANK,2019-06-30,6452596296
808,ICICIBANK,2019-03-31,6446239653
809,ICICIBANK,2018-12-31,6440817054
810,ICICIBANK,2018-09-30,6435132059
811,ICICIBANK,2018-06-30,6431732828
812,ICICIBANK,2018-03-31,6427990776
813,INDUSINDBK,2025-09-30,779075972
814,INDUSINDBK,2025-06-30,779055872
815,INDUSINDBK,2025-03-31,779054472
816,INDUSINDBK,2024-12-31,779051673
817,INDUSINDBK,2024-09-30,778993088
818,INDUSINDBK,2024-06-30,778725005
819,INDUSINDBK,2024-03-31,778319951
820,INDUSINDBK,2023-12-31,777732182
821,INDUSINDBK,2023-09-30,777054697
822,INDUSINDBK,2023-06-30,839504367
823,INDUSINDBK,2023-03-31,775895198
824,INDUSINDBK,2022-12-31,775415044
825,INDUSINDBK,2022-09-30,775243464
826,INDUSINDBK,2022-06-30,775102639
827,INDUSINDBK,2021-12-31,774548603
828,INDUSINDBK,2021-09-30,774119194
829,INDUSINDBK,2021-06-30,773876784
830,INDUSINDBK,2021-03-31,773372299
831,INDUSINDBK,2021-02-18,773155187
832,INDUSINDBK,2020-12-31,757104998
833,INDUSINDBK,2020-09-30,756451823
834,INDUSINDBK,2020-09-04,756313283
835,INDUSINDBK,2020-08-28,741195806
836,INDUSINDBK,2020-06-30,693566038
837,INDUSINDBK,2020-03-31,693535738
838,INDUSINDBK,2019-12-31,693070224
839,INDUSINDBK,2019-09-30,692982757
840,INDUSINDBK,2019-07-06,692756723
841,INDUSINDBK,2019-06-30,603138942
842,INDUSINDBK,2019-03-31,602686868
843,INDUSINDBK,2018-12-31,602082563
844,INDUSINDBK,2018-09-30,601296202
845,INDUSINDBK,2018-06-30,600437982
846,INDUSINDBK,2018-03-31,600223187
847,INFY,2025-09-30,4154401349
848,INFY,2025-06-30,4154272628
849,INFY,2025-03-31,4153263455
850,INFY,2024-12-31,4152269194
851,INFY,2024-09-30,4152146817
852,INFY,2024-06-30,4152028475
853,INFY,2024-03-31,4150867464
854,INFY,2023-12-31,4150447554
855,INFY,2023-09-30,4150384120
856,INFY,2023-06-30,4150192365
857,INFY,2023-03-31,4148560044
858,INFY,2022-12-31,4186086843
859,INFY,2022-09-30,4207827539
860,INFY,2022-06-30,4207620719
861,INFY,2022-03-31,4206738641
862,INFY,2021-12-31,4205617958
863,INFY,2021-09-30,4205464426
864,INFY,2021-06-30,4259085763
865,INFY,2021-03-31,4260660846
866,INFY,2020-12-31,4259587833
867,INFY,2020-09-30,4259411598
868,INFY,2020-06-30,4259154628
869,INFY,2020-03-31,4258992566
870,INFY,2019-12-31,4258548000
871,INFY,2019-09-30,4258412178
872,INFY,2019-09-04,4258412178
873,INFY,2019-06-30,4295042444
874,INFY,2019-03-31,4361733444
875,INFY,2018-12-31,4368647898
876,INFY,2018-09-30,4368382980
877,INFY,2018-09-06,4368382980
878,INFY,2018-06-30,2184127091
879,INFY,2018-03-31,2184114257
880,IOC,2025-09-30,14121238383
881,IOC,2025-06-30,14121238383
882,IOC,2025-03-31,14121238383
883,IOC,2024-12-31,14121238383
884,IOC,2024-09-30,14121238383
885,IOC,2024-06-30,14121238383
886,IOC,2024-03-31,14121238383
887,IOC,2023-12-31,14121238383
888,IOC,2023-09-30,14121238383
889,IOC,2023-06-30,14121238383
890,IOC,2023-03-31,14121238383
891,IOC,2022-12-31,14121238383
892,IOC,2022-09-30,14121238383
893,IOC,2022-07-12,14121238383
894,IOC,2022-06-30,9414158922
895,IOC,2022-03-31,9414158922
896,IOC,2021-12-31,9414158922
897,IOC,2021-09-30,9414158922
898,IOC,2021-06-30,9414158922
899,IOC,2021-03-31,9414158922
900,IOC,2020-12-31,9414158922
901,IOC,2020-09-30,9414158922
902,IOC,2020-06-30,9414158922
903,IOC,2020-03-31,9414158922
904,IOC,2019-12-31,9414158922
905,IOC,2019-09-30,9414158922
906,IOC,2019-06-30,9414158922
907,IOC,2019-03-31,9414158922
908,IOC,2019-02-14,9414158922
909,IOC,2018-12-31,9711809928
910,IOC,2018-09-30,9711809928
911,IOC,2018-06-30,9711809928
912,ITC,2025-09-30,12527130431
913,ITC,2025-06-30,12517542141
914,ITC,2025-03-31,12514119781
915,ITC,2024-12-31,12511710391
916,ITC,2024-09-30,12507598701
917,ITC,2024-06-30,12484721471
918,ITC,2024-03-31,12484721471
919,ITC,2023-12-31,12475608671
920,ITC,2023-09-30,12470914521
921,ITC,2023-06-30,12439467511
922,ITC,2023-03-31,12428017741
923,ITC,2022-12-31,12412309001
924,ITC,2022-09-30,12399178701
925,JIOFIN,2025-09-30,6353141623
926,JIOFIN,2025-06-30,6353141623
927,JIOFIN,2025-03-31,6353141623
928,JIOFIN,2024-12-31,6353141623
929,JIOFIN,2024-09-30,6353284188
930,JIOFIN,2024-06-30,6353284188
931,JIOFIN,2024-03-31,6353284188
932,JIOFIN,2023-12-31,6353284188
933,JIOFIN,2023-09-30,6353284188
934,JIOFIN,2023-08-10,6353284188
935,JSWSTEEL,2025-09-30,2445453966
936,JSWSTEEL,2025-06-30,2445453966
937,JSWSTEEL,2025-03-31,2445453966
938,JSWSTEEL,2024-12-31,2445453966
939,JSWSTEEL,2024-09-30,2445453966
940,JSWSTEEL,2024-06-30,2445453966
941,JSWSTEEL,2024-03-31,2445453966
942,JSWSTEEL,2023-12-31,2445453966
943,JSWSTEEL,2023-09-30,2445453966
944,JSWSTEEL,2023-06-30,2417220440
945,JSWSTEEL,2023-03-31,2417220440
946,JSWSTEEL,2022-12-31,2417220440
947,JSWSTEEL,2022-09-30,2417220440
948,JSWSTEEL,2022-06-30,2417220440
949,JSWSTEEL,2022-03-31,2417220440
950,JSWSTEEL,2021-12-31,2417220440
951,JSWSTEEL,2021-09-30,2417220440
952,JSWSTEEL,2021-06-30,2417220440
953,JSWSTEEL,2021-03-31,2417220440
954,JSWSTEEL,2020-12-31,2417220440
955,JSWSTEEL,2020-09-30,2417220440
956,JSWSTEEL,2020-06-30,2417220440
957,JSWSTEEL,2020-03-31,2417220440
958,JSWSTEEL,2019-12-31,2417220440
959,JSWSTEEL,2019-09-30,2417220440
960,JSWSTEEL,2019-06-30,2417220440
961,JSWSTEEL,2019-03-31,2417220440
962,JSWSTEEL,2018-12-31,2417220440
963,JSWSTEEL,2018-09-30,2417220440
964,JSWSTEEL,2018-06-30,2417220440
965,KOTAKBANK,2025-09-30,1988592513
966,KOTAKBANK,2025-06-30,1988320316
967,KOTAKBANK,2025-03-31,1988222993
968,KOTAKBANK,2024-12-31,1988173671
969,KOTAKBANK,2024-09-30,1988120012
970,KOTAKBANK,2024-06-30,1987951298
971,KOTAKBANK,2024-03-31,1987920898
972,KOTAKBANK,2023-12-31,1987652298
973,KOTAKBANK,2023-09-30,1987495423
974,KOTAKBANK,2023-06-30,1987212073
975,KOTAKBANK,2023-03-31,1986556582
976,KOTAKBANK,2022-12-31,1986085599
977,KOTAKBANK,2022-09-30,1985738328
978,KOTAKBANK,2022-06-30,1985434304
979,KOTAKBANK,2022-03-31,1984661760
980,KOTAKBANK,2021-12-31,1983899969
981,KOTAKBANK,2021-09-30,1983087703
982,KOTAKBANK,2021-06-30,1982675781
983,KOTAKBANK,2021-03-31,1981835668
984,KOTAKBANK,2020-12-31,1980478721
985,KOTAKBANK,2020-09-30,1979207809
986,KOTAKBANK,2020-06-30,1978804377
987,KOTAKBANK,2020-05-30,1978804377
988,KOTAKBANK,2020-03-31,1913038338
989,KOTAKBANK,2019-12-31,1911034957
990,KOTAKBANK,2019-09-30,1910028300
991,KOTAKBANK,2019-06-30,1909336730
992,KOTAKBANK,2019-03-31,1908754827
993,KOTAKBANK,2018-12-31,1907544110
994,KOTAKBANK,2018-09-30,1907004130
995,KOTAKBANK,2018-06-30,1906131883
996,LT,2025-09-30,1375556003
997,LT,2025-06-30,1375359426
998,LT,2025-03-31,1375192165
999,LT,2024-12-31,1375130635
1000,LT,2024-09-30,1374994900
1001,LT,2024-06-30,1374848104
1002,LT,2024-03-31,1374668619
1003,LT,2023-12-31,1374548315
1004,LT,2023-09-30,1374398717
1005,LT,2023-10-07,1374398717
1006,LT,2023-06-30,1405572753
1007,LT,2023-03-31,1405482190
1008,LT,2022-12-31,1405364127
1009,LT,2022-09-30,1405191199
1010,LT,2022-06-30,1405145221
1011,LT,2022-03-31,1405029123
1012,LT,2021-12-31,1404839267
1013,LT,2021-09-30,1404656010
1014,LT,2021-06-30,1404604911
1015,LT,2021-03-31,1404555297
1016,LT,2020-12-31,1404256696
1017,LT,2020-09-30,1404034846
1018,LT,2020-06-30,1403992234
1019,LT,2020-03-31,1403892022
1020,LT,2019-12-31,1403581376
1021,LT,2019-09-30,1403265582
1022,LT,2019-06-30,1403091278
1023,LT,2019-03-31,1402729385
1024,LT,2018-12-31,1402220289
1025,LT,2018-06-30,1401727601
1026,LT,2018-03-31,1401369456
1027,LUPIN,2025-09-30,456757868
1028,LUPIN,2025-06-30,456716123
1029,LUPIN,2025-03-31,456565045
1030,LUPIN,2024-12-31,456234542
1031,LUPIN,2024-09-30,456143312
1032,LUPIN,2024-06-30,455915953
1033,LUPIN,2024-03-31,455678908
1034,LUPIN,2023-12-31,455326550
1035,LUPIN,2023-09-30,455221984
1036,LUPIN,2023-06-30,455080018
1037,LUPIN,2023-03-31,454981335
1038,LUPIN,2022-12-31,454760600
1039,LUPIN,2022-09-30,454674567
1040,LUPIN,2022-06-30,454623411
1041,LUPIN,2022-03-31,454475014
1042,LUPIN,2021-12-31,454196866
1043,LUPIN,2021-09-30,454030479
1044,LUPIN,2021-06-30,453902798
1045,LUPIN,2021-03-31,453680133
1046,LUPIN,2020-12-31,453513540
1047,LUPIN,2020-09-30,453240333
1048,LUPIN,2020-06-30,453091022
1049,LUPIN,2020-03-31,452998121
1050,LUPIN,2019-12-31,452906754
1051,LUPIN,2019-09-30,452647548
1052,LUPIN,2019-06-30,452590752
1053,LUPIN,2019-03-31,452493697
1054,LUPIN,2018-12-31,452405376
1055,LUPIN,2018-09-30,452193625
1056,LUPIN,2018-06-30,452140064
1057,M&M,2025-09-30,1243528831
1058,M&M,2025-06-30,1243528831
1059,M&M,2025-03-31,1243528831
1060,M&M,2024-12-31,1243528831
1061,M&M,2024-09-30,1243528831
1062,M&M,2024-06-30,1243528831
1063,M&M,2024-03-31,1243528831
1064,M&M,2023-12-31,1243528831
1065,M&M,2023-09-30,1243528831
1066,M&M,2023-06-30,1243528831
1067,M&M,2023-03-31,1243528831
1068,M&M,2022-12-31,1243192544
1069,M&M,2022-09-30,1243192544
1070,M&M,2022-06-30,1243192544
1071,M&M,2022-03-31,1243192544
1072,M&M,2021-12-31,1243192544
1073,M&M,2021-09-30,1243192544
1074,M&M,2021-06-30,1243192544
1075,M&M,2021-03-31,1243192544
1076,M&M,2020-12-31,1243192544
1077,M&M,2020-09-30,1243192544
1078,M&M,2020-03-31,1243192544
1079,M&M,2019-12-31,1243192544
1080,M&M,2019-09-30,1243192544
1081,M&M,2019-06-30,1243192544
1082,M&M,2019-03-31,1243192544
1083,M&M,2018-12-31,1243192544
1084,M&M,2018-09-30,1243192544
1085,M&M,2018-06-30,1243192544
1086,M&M,2018-03-31,1243192544
1087,MARUTI,2025-09-30,314402574
1088,MARUTI,2025-06-30,314402574
1089,MARUTI,2025-03-31,314402574
1090,MARUTI,2024-12-31,314402574
1091,MARUTI,2024-09-30,314402574
1092,MARUTI,2024-06-30,314402574
1093,MARUTI,2024-03-31,314402574
1094,MARUTI,2023-12-31,314402574
1095,MARUTI,2023-11-24,314402574
1096,MARUTI,2023-09-30,302080060
1097,MARUTI,2023-06-30,302080060
1098,MARUTI,2023-03-31,302080060
1099,MARUTI,2022-12-31,302080060
1100,MARUTI,2022-09-30,302080060
1101,MARUTI,2022-06-30,302080060
1102,MARUTI,2022-03-31,302080060
1103,MARUTI,2021-12-31,302080060
1104,MARUTI,2021-09-30,302080060
1105,MARUTI,2021-06-30,302080060
1106,MARUTI,2021-03-31,302080060
1107,MARUTI,2020-12-31,302080060
1108,MARUTI,2020-09-30,302080060
1109,MARUTI,2020-06-30,302080060
1110,MARUTI,2020-03-31,302080060
1111,MARUTI,2019-12-31,302080060
1112,MARUTI,2019-09-30,302080060
1113,MARUTI,2019-06-30,302080060
1114,MARUTI,2019-03-31,302080060
1115,MARUTI,2018-12-31,302080060
1116,MARUTI,2018-09-30,302080060
1117,MARUTI,2018-06-30,302080060
1118,MARUTI,2018-03-31,302080060
1119,NESTLEIND,2025-09-30,1928314320
1120,NESTLEIND,2025-08-14,1928314320
1121,NESTLEIND,2025-06-30,964157160
1122,NESTLEIND,2025-03-31,964157160
1123,NESTLEIND,2024-12-31,964157160
1124,NESTLEIND,2024-09-30,964157160
1125,NESTLEIND,2024-06-30,964157160
1126,NESTLEIND,2024-03-31,964157160
1127,NESTLEIND,2023-12-31,96415716
1128,NESTLEIND,2023-09-30,96415716
1129,NESTLEIND,2023-06-30,96415716
1130,NESTLEIND,2018-12-31,96415716
1131,NESTLEIND,2018-09-30,96415716
1132,NESTLEIND,2018-06-30,96415716
1133,NESTLEIND,2018-03-31,96415716
1134,NTPC,2025-09-30,9696666134
1135,NTPC,2025-06-30,9696666134
1136,NTPC,2025-03-31,9696666134
1137,NTPC,2024-12-31,9696666134
1138,NTPC,2024-09-30,9696666134
1139,NTPC,2024-06-30,9696666134
1140,NTPC,2024-03-31,9696666134
1141,NTPC,2023-12-31,9696666134
1142,NTPC,2023-09-30,9696666134
1143,NTPC,2023-06-30,9696666134
1144,NTPC,2023-03-31,9696666134
1145,NTPC,2022-12-31,9696666134
1146,NTPC,2022-09-30,9696666134
1147,NTPC,2022-06-30,9696666134
1148,NTPC,2022-03-31,9696666134
1149,NTPC,2021-12-31,9696666134
1150,NTPC,2021-09-30,9696666134
1151,NTPC,2021-06-30,9696666134
1152,NTPC,2021-03-31,9696666134
1153,NTPC,2020-12-31,9696666134
1154,NTPC,2020-09-30,9894557280
1155,NTPC,2020-06-30,9894557280
1156,NTPC,2020-03-31,9894557280
1157,NTPC,2019-12-31,9894557280
1158,NTPC,2019-09-30,9894557280
1159,NTPC,2019-06-30,9894557280
1160,NTPC,2019-03-31,9894557280
1161,NTPC,2019-03-23,9894557280
1162,NTPC,2018-12-31,8245464400
1163,NTPC,2018-09-30,8245464400
1164,NTPC,2018-06-30,8245464400
1165,NTPC,2018-03-31,8245464400
1166,ONGC,2025-09-30,12580279206
1167,ONGC,2025-06-30,12580279206
1168,ONGC,2025-03-31,12580279206
1169,ONGC,2024-12-31,12580279206
1170,ONGC,2024-09-30,12580279206
1171,ONGC,2024-06-30,12580279206
1172,ONGC,2024-03-31,12580279206
1173,ONGC,2023-12-31,12580279206
1174,ONGC,2023-09-30,12580279206
1175,ONGC,2023-06-30,12580279206
1176,ONGC,2023-03-31,12580279206
1177,ONGC,2022-12-31,12580279206
1178,ONGC,2022-09-30,12580279206
1179,ONGC,2022-06-30,12580279206
1180,ONGC,2021-12-31,12580279206
1181,ONGC,2021-09-30,12580279206
1182,ONGC,2021-06-30,12580279206
1183,ONGC,2021-03-31,12580279206
1184,ONGC,2020-12-31,12580279206
1185,ONGC,2020-09-30,12580279206
1186,ONGC,2020-06-30,12580279206
1187,ONGC,2020-03-31,12580279206
1188,ONGC,2019-12-31,12580279206
1189,ONGC,2019-09-30,12580279206
1190,ONGC,2019-06-30,12580279206
1191,ONGC,2019-03-31,12580279206
1192,ONGC,2018-12-31,12833235180
1193,ONGC,2018-09-30,12833235180
1194,ONGC,2018-06-30,12833235180
1195,ONGC,2018-03-31,12833235180
1196,POWERGRID,2025-09-30,9300603819
1197,POWERGRID,2025-06-30,9300603819
1198,POWERGRID,2025-03-31,9300603819
1199,POWERGRID,2024-12-31,9300603819
1200,POWERGRID,2024-09-30,9300603819
1201,POWERGRID,2024-06-30,9300603819
1202,POWERGRID,2024-03-31,9300603819
1203,POWERGRID,2023-12-31,9300603819
1204,POWERGRID,2023-09-30,9300603819
1205,POWERGRID,2023-06-30,6975452864
1206,POWERGRID,2023-03-31,6975452864
1207,POWERGRID,2022-12-31,6975452864
1208,POWERGRID,2022-09-30,6975452864
1209,POWERGRID,2022-06-30,6975452864
1210,POWERGRID,2022-03-31,6975452864
1211,POWERGRID,2021-12-31,6975452864
1212,POWERGRID,2021-09-30,6975452864
1213,POWERGRID,2021-08-03,6975452864
1214,POWERGRID,2021-06-30,5231589648
1215,POWERGRID,2021-03-31,5231589648
1216,POWERGRID,2020-12-31,5231589648
1217,POWERGRID,2020-09-30,5231589648
1218,POWERGRID,2020-06-30,5231589648
1219,POWERGRID,2020-03-31,5231589648
1220,POWERGRID,2019-12-31,5231589648
1221,POWERGRID,2019-09-30,5231589648
1222,POWERGRID,2019-06-30,5231589648
1223,POWERGRID,2019-03-31,5231589648
1224,POWERGRID,2018-12-31,5231589648
1225,POWERGRID,2018-09-30,5231589648
1226,POWERGRID,2018-06-30,5231589648
1227,POWERGRID,2018-03-31,5231589648
1228,RELIANCE,2025-09-30,13532472634
1229,RELIANCE,2025-06-30,13532472634
1230,RELIANCE,2025-03-31,13532372898
1231,RELIANCE,2024-12-31,13532372898
1232,RELIANCE,2024-11-01,13532372898
1233,RELIANCE,2024-09-30,6766229014
1234,RELIANCE,2024-06-30,6766229014
1235,RELIANCE,2024-03-31,6766109014
1236,RELIANCE,2023-12-31,6766109014
1237,RELIANCE,2023-09-30,6766109014
1238,RELIANCE,2023-06-30,6766109014
1239,RELIANCE,2023-03-31,6766094014
1240,RELIANCE,2022-12-31,6765994014
1241,RELIANCE,2022-09-30,6765994014
1242,RELIANCE,2022-06-30,6765994014
1243,RELIANCE,2022-03-31,6765994014
1244,RELIANCE,2021-12-31,6765994014
1245,RELIANCE,2021-12-08,6765970014
1246,RELIANCE,2021-09-30,6762070014
1247,RELIANCE,2021-06-30,6762070014
1248,RELIANCE,2021-03-31,6762068814
1249,RELIANCE,2020-12-31,6762067614
1250,RELIANCE,2020-09-30,6762037614
1251,RELIANCE,2020-06-30,6761844754
1252,RELIANCE,2020-06-11,6761843669
1253,RELIANCE,2020-03-31,6339267510
1254,RELIANCE,2019-12-31,6339203530
1255,RELIANCE,2019-09-30,6339123229
1256,RELIANCE,2019-06-30,6339038430
1257,RELIANCE,2019-03-31,6338693823
1258,RELIANCE,2018-12-31,6338561852
1259,RELIANCE,2018-09-30,6338440341
1260,RELIANCE,2018-06-30,6336398954
1261,RELIANCE,2018-03-31,6334651022
1262,RELIANCE,2025-09-30,13532472634
1263,RELIANCE,2025-06-30,13532472634
1264,RELIANCE,2025-03-31,13532372898
1265,RELIANCE,2024-12-31,13532372898
1266,RELIANCE,2024-11-01,13532372898
1267,RELIANCE,2024-09-30,6766229014
1268,RELIANCE,2024-06-30,6766229014
1269,RELIANCE,2024-03-31,6766109014
1270,RELIANCE,2023-12-31,6766109014
1271,RELIANCE,2023-09-30,6766109014
1272,RELIANCE,2023-06-30,6766109014
1273,RELIANCE,2023-03-31,6766094014
1274,RELIANCE,2022-12-31,6765994014
1275,RELIANCE,2022-09-30,6765994014
1276,RELIANCE,2022-06-30,6765994014
1277,RELIANCE,2022-03-31,6765994014
1278,RELIANCE,2021-12-31,6765994014
1279,RELIANCE,2021-12-08,6765970014
1280,RELIANCE,2021-09-30,6762070014
1281,RELIANCE,2021-06-30,6762070014
1282,RELIANCE,2021-03-31,6762068814
1283,RELIANCE,2020-12-31,6762067614
1284,RELIANCE,2020-09-30,6762037614
1285,RELIANCE,2020-06-30,6761844754
1286,RELIANCE,2020-06-11,6761843669
1287,RELIANCE,2020-03-31,6339267510
1288,RELIANCE,2019-12-31,6339203530
1289,RELIANCE,2019-09-30,6339123229
1290,RELIANCE,2019-06-30,6339038430
1291,RELIANCE,2019-03-31,6338693823
1292,RELIANCE,2018-12-31,6338561852
1293,RELIANCE,2018-09-30,6338440341
1294,RELIANCE,2018-06-30,6336398954
1295,RELIANCE,2018-03-31,6334651022
1296,SBIN,2025-09-30,9230617586
1297,SBIN,2025-07-21,9230617586
1298,SBIN,2025-06-30,8924620034
1299,SBIN,2025-03-31,8924620034
1300,SBIN,2024-12-31,8924620034
1301,SBIN,2024-09-30,8924620034
1302,SBIN,2024-06-30,8924612434
1303,SBIN,2024-03-31,8924611934
1304,SBIN,2023-12-31,8924611934
1305,SBIN,2023-09-30,8924611934
1306,SBIN,2023-06-30,8924611934
1307,SBIN,2023-03-31,8924611934
1308,SBIN,2022-12-31,8924611734
1309,SBIN,2022-09-30,8924611734
1310,SBIN,2022-06-30,8924611734
1311,SBIN,2022-03-31,8924611534
1312,SBIN,2021-12-31,8924611534
1313,SBIN,2021-09-30,8924611534
1314,SBIN,2021-06-30,8924611534
1315,SBIN,2021-03-31,8924611534
1316,SBIN,2020-12-31,8924611534
1317,SBIN,2020-09-30,8924611534
1318,SBIN,2020-06-30,8924611534
1319,SBIN,2020-03-31,8924611534
1320,SBIN,2019-12-31,8924611534
1321,SBIN,2019-09-30,8924611534
1322,SBIN,2019-06-30,8924611534
1323,SBIN,2019-03-31,8924611534
1324,SBIN,2018-12-31,8924587534
1325,SBIN,2018-09-30,8924587534
1326,SBIN,2018-06-30,8924587534
1327,SHREECEM,2025-09-30,36080748
1328,SHREECEM,2025-06-30,36080748
1329,SHREECEM,2025-03-31,36080748
1330,SHREECEM,2024-12-31,36080748
1331,SHREECEM,2024-09-30,36080748
1332,SHREECEM,2024-06-30,36080748
1333,SHREECEM,2024-03-31,36080748
1334,SHREECEM,2023-12-31,36080748
1335,SHREECEM,2023-09-30,36080748
1336,SHREECEM,2023-06-30,36080748
1337,SHREECEM,2023-03-31,36080748
1338,SHREECEM,2022-12-31,36080748
1339,SHREECEM,2022-09-30,36080748
1340,SHREECEM,2022-06-30,36080748
1341,SHREECEM,2022-03-31,36080748
1342,SHREECEM,2021-12-31,36080748
1343,SHREECEM,2021-09-30,36080748
1344,SHREECEM,2021-06-30,36080748
1345,SHREECEM,2021-03-31,36080748
1346,SHREECEM,2020-12-31,36080748
1347,SHREECEM,2020-09-30,36080748
1348,SHREECEM,2020-06-30,36080748
1349,SHREECEM,2020-03-31,36080748
1350,SHREECEM,2019-12-31,36080748
1351,SHREECEM,2019-11-23,36080748
1352,SHREECEM,2019-09-30,34837225
1353,SHREECEM,2019-06-30,34837225
1354,SHREECEM,2019-03-31,34837225
1355,SHREECEM,2018-12-31,34837225
1356,SHREECEM,2018-09-30,34837225
1357,SHREECEM,2018-06-30,34837225
1358,SHREECEM,2018-03-31,34837225
1359,SUNPHARMA,2025-09-30,2399334970
1360,SUNPHARMA,2025-06-30,2399334970
1361,SUNPHARMA,2025-03-31,2399334970
1362,SUNPHARMA,2024-12-31,2399334970
1363,SUNPHARMA,2024-09-30,2399334970
1364,SUNPHARMA,2024-06-30,2399334970
1365,SUNPHARMA,2024-03-31,2399334970
1366,SUNPHARMA,2023-12-31,2399334970
1367,SUNPHARMA,2023-09-30,2399334970
1368,SUNPHARMA,2023-06-30,2399334970
1369,SUNPHARMA,2023-03-31,2399334970
1370,SUNPHARMA,2022-12-31,2399334970
1371,SUNPHARMA,2022-09-30,2399334970
1372,SUNPHARMA,2022-06-30,2399334970
1373,SUNPHARMA,2022-03-31,2399334970
1374,SUNPHARMA,2021-12-31,2399334970
1375,SUNPHARMA,2021-09-30,2399334970
1376,SUNPHARMA,2021-06-30,2399334970
1377,SUNPHARMA,2021-03-31,2399334970
1378,SUNPHARMA,2020-12-31,2399334970
1379,SUNPHARMA,2020-09-30,2399334970
1380,SUNPHARMA,2020-06-30,2399334970
1381,SUNPHARMA,2020-03-31,2399334970
1382,SUNPHARMA,2019-12-31,2399334970
1383,SUNPHARMA,2019-09-30,2399334970
1384,SUNPHARMA,2019-06-30,2399334970
1385,SUNPHARMA,2019-03-31,2399334970
1386,SUNPHARMA,2018-12-31,2399328274
1387,SUNPHARMA,2018-09-30,2399324674
1388,SUNPHARMA,2018-06-30,2399324494
1389,SUNPHARMA,2018-03-31,2399323180
1390,TATACONSUM,2025-09-30,989541732
1391,TATACONSUM,2025-06-30,989533750
1392,TATACONSUM,2025-03-31,989498558
1393,TATACONSUM,2024-12-31,989458618
1394,TATACONSUM,2024-09-30,989403547
1395,TATACONSUM,2024-08-23,989403547
1396,TATACONSUM,2024-06-30,952834816
1397,TATACONSUM,2024-03-31,952834816
1398,TATACONSUM,2024-01-19,952834816
1399,TATACONSUM,2023-12-31,929011650
1400,TATACONSUM,2023-09-30,929011650
1401,TATACONSUM,2023-06-30,929011650
1402,TATACONSUM,2023-03-31,929011650
1403,TATACONSUM,2022-12-31,929011650
1404,TATACONSUM,2022-09-30,921551715
1405,TATACONSUM,2022-06-30,921551715
1406,TATACONSUM,2022-03-31,921551715
1407,TATACONSUM,2021-12-31,921551715
1408,TATACONSUM,2021-09-30,921551715
1409,TATACONSUM,2021-03-31,921551715
1410,TATACONSUM,2020-12-31,921551715
1411,TATACONSUM,2020-09-30,921551715
1412,TATACONSUM,2020-03-31,921551715
1413,TATACONSUM,2020-03-11,921551715
1414,TATACONSUM,2019-12-31,631129729
1415,TATACONSUM,2019-09-30,631129729
1416,TATACONSUM,2019-06-30,631129729
1417,TATACONSUM,2019-03-31,631129729
1418,TATACONSUM,2018-12-31,631129729
1419,TATACONSUM,2018-09-30,631129729
1420,TATACONSUM,2018-06-30,631129729
1421,TATACONSUM,2018-03-31,631129729
1422,TATASTEEL,2025-09-30,12483531541
1423,TATASTEEL,2025-06-30,12483531541
1424,TATASTEEL,2025-03-31,12483531541
1425,TATASTEEL,2024-12-31,12483531541
1426,TATASTEEL,2024-09-30,12483531541
1427,TATASTEEL,2024-06-30,12483531541
1428,TATASTEEL,2024-03-31,12483531541
1429,TATASTEEL,2024-02-08,12483531541
1430,TATASTEEL,2024-01-21,12383830302
1431,TATASTEEL,2023-12-31,12297337309
1432,TATASTEEL,2023-11-22,12297337309
1433,TATASTEEL,2023-09-30,12221537000
1434,TATASTEEL,2023-06-30,12221537000
1435,TATASTEEL,2023-03-31,12221537000
1436,TATASTEEL,2023-03-18,12223453300
1437,TATASTEEL,2022-12-31,12223453300
1438,TATASTEEL,2022-09-30,12215300460
1439,TATASTEEL,2022-08-10,12215300460
1440,TATASTEEL,2022-06-30,1221530046
1441,TATASTEEL,2022-03-31,1221530046
1442,TATASTEEL,2022-03-14,1221530046
1443,TATASTEEL,2021-12-31,1221543546
1444,TATASTEEL,2021-12-27,1221543546
1445,TATASTEEL,2021-10-30,1204126999
1446,TATASTEEL,2021-09-30,1204126999
1447,TATASTEEL,2021-08-01,1204126999
1448,TATASTEEL,2021-06-30,1204126999
1449,TATASTEEL,2021-05-15,1204126999
1450,TATASTEEL,2021-04-23,1204126999
1451,TATASTEEL,2021-03-31,1204126999
1452,TATASTEEL,2021-03-24,1204126999
1453,TATASTEEL,2020-12-31,1204126999
1454,TATASTEEL,2020-09-30,1204126999
1455,TATASTEEL,2020-06-30,1204126999
1456,TATASTEEL,2020-03-31,1204126999
1457,TATASTEEL,2019-12-31,1204126999
1458,TATASTEEL,2019-09-30,1204126385
1459,TATASTEEL,2019-06-30,1204126385
1460,TATASTEEL,2019-03-31,1204126385
1461,TATASTEEL,2018-12-31,1204125710
1462,TATASTEEL,2018-09-30,1204119926
1463,TATASTEEL,2018-06-30,1204119440
1464,TATASTEEL,2018-03-31,1204119440
1465,TCS,2025-09-30,3618087518
1466,TCS,2025-06-30,3618087518
1467,TCS,2025-03-31,3618087518
1468,TCS,2024-12-31,3618087518
1469,TCS,2024-09-30,3618087518
1470,TCS,2024-06-30,3618087518
1471,TCS,2024-03-31,3618087518
1472,TCS,2023-12-31,3618087518
1473,TCS,2023-09-30,3659051373
1474,TCS,2023-06-30,3659051373
1475,TCS,2023-03-31,3659051373
1476,TCS,2022-12-31,3659051373
1477,TCS,2022-09-30,3659051373
1478,TCS,2022-06-30,3659051373
1479,TCS,2022-03-31,3659051373
1480,TCS,2021-12-31,3699051373
1481,TCS,2021-09-30,3699051373
1482,TCS,2021-06-30,3699051373
1483,TCS,2021-03-31,3699051373
1484,TCS,2020-12-31,3752384706
1485,TCS,2020-09-30,3752384706
1486,TCS,2020-06-30,3752384706
1487,TCS,2020-03-31,3752384706
1488,TCS,2019-12-31,3752384706
1489,TCS,2019-09-30,3752384706
1490,TCS,2019-06-30,3752384706
1491,TCS,2019-03-31,3752384706
1492,TCS,2018-12-31,3752384706
1493,TCS,2018-09-30,3752384706
1494,TCS,2018-06-30,3828575182
1495,TCS,2018-03-31,1914287591
1496,TECHM,2025-09-30,979562303
1497,TECHM,2025-06-30,979207885
1498,TECHM,2025-03-31,978993712
1499,TECHM,2024-12-31,978787074
1500,TECHM,2024-09-30,978349548
1501,TECHM,2024-06-30,977882361
1502,TECHM,2024-03-31,976758523
1503,TECHM,2023-12-31,976164397
1504,TECHM,2023-09-30,975504105
1505,TECHM,2023-06-30,974699464
1506,TECHM,2023-03-31,974147475
1507,TECHM,2022-12-31,973778933
1508,TECHM,2022-09-30,973159400
1509,TECHM,2022-06-30,972561468
1510,TECHM,2022-03-31,971833479
1511,TECHM,2021-12-31,970589953
1512,TECHM,2021-09-30,969714371
1513,TECHM,2021-06-30,968988701
1514,TECHM,2021-03-31,968260067
1515,TECHM,2020-12-31,967423190
1516,TECHM,2020-09-30,966598935
1517,TECHM,2020-06-30,966177667
1518,TECHM,2020-03-31,965852364
1519,TECHM,2019-12-31,965312635
1520,TECHM,2019-09-30,964844109
1521,TECHM,2019-06-30,964352304
1522,TECHM,2019-03-31,983362470
1523,TECHM,2018-12-31,981249832
1524,TECHM,2018-09-30,980798811
1525,TECHM,2018-03-31,979733808
1526,TITAN,2025-09-30,887786160
1527,TITAN,2025-06-30,887786160
1528,TITAN,2025-03-31,887786160
1529,TITAN,2024-12-31,887786160
1530,TITAN,2024-09-30,887786160
1531,TITAN,2024-06-30,887786160
1532,TITAN,2024-03-31,887786160
1533,TITAN,2023-12-31,887786160
1534,TITAN,2023-09-30,887786160
1535,TITAN,2023-06-30,887786160
1536,TITAN,2023-03-31,887786160
1537,TITAN,2022-12-31,887786160
1538,TITAN,2022-09-30,887786160
1539,TITAN,2022-06-30,887786160
1540,TITAN,2022-03-31,887786160
1541,TITAN,2021-12-31,887786160
1542,TITAN,2021-09-30,887786160
1543,TITAN,2021-06-30,887786160
1544,TITAN,2021-03-31,887786160
1545,TITAN,2020-12-31,887786160
1546,TITAN,2020-09-30,887786160
1547,TITAN,2020-06-30,887786160
1548,TITAN,2020-03-31,887786160
1549,TITAN,2019-12-31,887786160
1550,TITAN,2019-09-30,887786160
1551,TITAN,2019-06-30,887786160
1552,TITAN,2019-03-31,887786160
1553,TITAN,2018-12-31,887786160
1554,TITAN,2018-09-30,887786160
1555,TITAN,2018-06-30,887786160
1556,TITAN,2018-03-31,887786160
1557,TMPV,2025-09-30,3682274653
1558,TMPV,2025-06-30,3681462325
1559,TMPV,2025-03-31,3681348742
1560,TMPV,2024-12-31,3681124896
1561,TMPV,2024-09-30,3680884120
1562,TMPV,2024-09-10,3680610556
1563,TMPV,2024-06-30,3323978912
1564,TMPV,2024-03-31,3323739001
1565,TMPV,2023-12-31,3322847115
1566,TMPV,2023-09-30,3322317000
1567,TMPV,2023-06-30,3321490582
1568,TMPV,2023-03-31,3321344325
1569,TMPV,2022-12-31,3321290234
1570,TMPV,2022-09-30,3321175244
1571,TMPV,2022-06-30,3320912308
1572,TMPV,2022-03-31,3320662007
1573,TMPV,2021-12-31,3320552265
1574,TMPV,2021-09-30,3320307765
1575,TMPV,2021-06-30,3320307765
1576,TMPV,2021-03-31,3320307765
1577,TMPV,2021-02-06,3320307765
1578,TMPV,2020-12-31,3088973894
1579,TMPV,2020-09-30,3088973894
1580,TMPV,2020-06-30,3088973894
1581,TMPV,2020-03-31,3088973894
1582,TMPV,2019-12-31,3088972101
1583,TMPV,2019-12-12,3088972101
1584,TMPV,2019-09-30,2887348694
1585,TMPV,2019-06-30,2887348694
1586,TMPV,2019-03-31,2887348694
1587,TMPV,2018-12-31,2887348694
1588,TMPV,2018-09-30,2887348694
1589,TMPV,2018-06-30,2887348694
1590,TMPV,2018-03-31,2887348694
1591,ULTRACEMCO,2025-09-30,294679171
1592,ULTRACEMCO,2025-06-30,294679171
1593,ULTRACEMCO,2025-03-31,294677410
1594,ULTRACEMCO,2024-12-31,288700060
1595,ULTRACEMCO,2024-09-30,288697318
1596,ULTRACEMCO,2024-06-30,288697318
1597,ULTRACEMCO,2024-03-31,288692005
1598,ULTRACEMCO,2023-12-31,288686674
1599,ULTRACEMCO,2023-09-30,288686345
1600,ULTRACEMCO,2023-06-30,288686345
1601,ULTRACEMCO,2023-03-31,288686345
1602,ULTRACEMCO,2022-12-31,288677471
1603,ULTRACEMCO,2022-09-30,288671933
1604,ULTRACEMCO,2022-06-30,288670847
1605,ULTRACEMCO,2022-03-31,288670847
1606,ULTRACEMCO,2021-12-31,288664987
1607,ULTRACEMCO,2021-09-30,288659566
1608,ULTRACEMCO,2021-06-30,288654448
1609,ULTRACEMCO,2021-03-31,288653398
1610,ULTRACEMCO,2020-12-31,288636906
1611,ULTRACEMCO,2020-09-30,288626076
1612,ULTRACEMCO,2020-03-31,288625105
1613,ULTRACEMCO,2019-12-31,288618016
1614,ULTRACEMCO,2019-10-16,288613666
1615,ULTRACEMCO,2019-09-30,274650508
1616,ULTRACEMCO,2019-06-30,274649850
1617,ULTRACEMCO,2019-03-31,274642720
1618,ULTRACEMCO,2018-12-31,274635762
1619,ULTRACEMCO,2018-09-30,274625869
1620,ULTRACEMCO,2018-06-30,274619071
1621,ULTRACEMCO,2018-03-31,274613985
1622,UPL,2025-09-30,844433596
1623,UPL,2025-06-30,844433596
1624,UPL,2025-03-31,844433596
1625,UPL,2025-01-27,844433596
1626,UPL,2024-12-31,844400270
1627,UPL,2024-12-27,844400270
1628,UPL,2024-09-30,750607641
1629,UPL,2024-06-30,750607641
1630,UPL,2024-03-31,750607641
1631,UPL,2023-12-31,750607641
1632,UPL,2023-09-30,750607641
1633,UPL,2023-06-30,750607641
1634,UPL,2023-03-31,750607641
1635,UPL,2022-12-31,750607641
1636,UPL,2022-09-30,750607641
1637,UPL,2022-06-30,750607641
1638,UPL,2022-03-31,764045456
1639,UPL,2021-09-30,764045456
1640,UPL,2021-06-30,764045456
1641,UPL,2021-03-31,764045456
1642,UPL,2020-12-31,764045456
1643,UPL,2020-09-30,764045456
1644,UPL,2020-06-30,764045456
1645,UPL,2020-03-31,764045456
1646,UPL,2019-12-31,764045456
1647,UPL,2019-09-30,764022956
1648,UPL,2019-07-03,764014005
1649,UPL,2019-06-30,509342670
1650,UPL,2019-03-31,509342670
1651,UPL,2018-12-31,509342670
1652,UPL,2018-09-30,509342670
1653,UPL,2018-06-30,509342670
1654,UPL,2018-03-31,509333081
1655,WIPRO,2025-09-30,10483772400
1656,WIPRO,2025-06-30,10482318130
1657,WIPRO,2025-06-13,10481700300
1658,WIPRO,2025-03-31,10472136049
1659,WIPRO,2024-12-31,10469234681
1660,WIPRO,2024-12-10,10464188804
1661,WIPRO,2024-11-08,5231754495
1662,WIPRO,2024-09-30,5231382705
1663,WIPRO,2024-06-30,5230164205
1664,WIPRO,2024-03-31,5225138246
1665,WIPRO,2024-01-30,5224402361
1666,WIPRO,2023-12-31,5224235632
1667,WIPRO,2023-09-30,5221800302
1668,WIPRO,2023-06-30,5488841993
1669,WIPRO,2023-03-31,5487917741
1670,WIPRO,2022-12-31,5486762666
1671,WIPRO,2022-09-30,5485541640
1672,WIPRO,2022-06-30,5482346780
1673,WIPRO,2022-03-31,5482070115
1674,WIPRO,2021-12-31,5481283211
1675,WIPRO,2021-09-30,5480819197
1676,WIPRO,2021-06-30,5479239889
1677,WIPRO,2021-03-31,5479138555
1678,WIPRO,2021-01-19,5477838089
1679,WIPRO,2020-12-31,5715338089
1680,WIPRO,2020-09-30,5714950888
1681,WIPRO,2020-06-30,5714438884
1682,WIPRO,2020-03-31,5713357390
1683,WIPRO,2019-12-31,5713022469
1684,WIPRO,2019-09-30,5712906868
1685,WIPRO,2019-09-09,5712282652
1686,WIPRO,2019-06-30,6035359575
1687,WIPRO,2019-03-31,6033935388
1688,WIPRO,2019-03-08,6033876721
1689,WIPRO,2018-12-31,4525022173
1690,WIPRO,2018-09-30,4524079523
1691,WIPRO,2018-06-30,4523995447
1692,WIPRO,2018-03-31,4523784491
