,promoter_shares,public_shares,total_shares,free_float_factor,ticker,report_date
0,20805224,8688416,29493640,0.2946,BOSCHLTD,2025-09-30
1,20805224,8688416,29493640,0.2946,BOSCHLTD,2025-06-30
2,20805224,8688416,29493640,0.2946,BOSCHLTD,2025-03-31
3,20805224,8688416,29493640,0.2946,BOSCHLTD,2024-12-31
4,20805224,8688416,29493640,0.2946,BOSCHLTD,2024-09-30
5,20805224,8688416,29493640,0.2946,BOSCHLTD,2024-06-30
6,20805224,8688416,29493640,0.2946,BOSCHLTD,2024-03-31
7,20805224,8688416,29493640,0.2946,BOSCHLTD,2023-12-31
8,20805224,8688416,29493640,0.2946,BOSCHLTD,2023-09-30
9,20805224,8688416,29493640,0.2946,BOSCHLTD,2023-06-30
10,20805224,8688416,29493640,0.2946,BOSCHLTD,2023-03-31
11,20805224,8688416,29493640,0.2946,BOSCHLTD,2022-12-31
12,20805224,8688416,29493640,0.2946,BOSCHLTD,2022-09-30
13,20805224,8688416,29493640,0.2946,BOSCHLTD,2022-06-30
14,20805224,8688416,29493640,0.2946,BOSCHLTD,2022-03-31
15,20805224,8688416,29493640,0.2946,BOSCHLTD,2021-12-31
16,20805224,8688416,29493640,0.2946,BOSCHLTD,2021-09-30
17,20805224,8688416,29493640,0.2946,BOSCHLTD,2021-06-30
18,20805224,8688416,29493640,0.2946,BOSCHLTD,2021-03-31
19,20805224,8688416,29493640,0.2946,BOSCHLTD,2020-12-31
20,20805224,8688416,29493640,0.2946,BOSCHLTD,2020-09-30
21,20805224,8688416,29493640,0.2946,BOSCHLTD,2020-06-30
22,20805224,8688416,29493640,0.2946,BOSCHLTD,2020-03-31
23,20805224,8688416,29493640,0.2946,BOSCHLTD,2019-12-31
24,20805224,8688416,29493640,0.2946,BOSCHLTD,2019-09-30
25,20805224,8688416,29493640,0.2946,BOSCHLTD,2019-06-30
26,20805224,8688416,29493640,0.2946,BOSCHLTD,2019-03-31
27,20805224,8688416,29493640,0.2946,BOSCHLTD,2019-03-01
28,21512705,9008035,30520740,0.2951,BOSCHLTD,2018-12-31
29,21512705,9008035,30520740,0.2951,BOSCHLTD,2018-09-30
30,21512705,9008035,30520740,0.2951,BOSCHLTD,2018-06-30
31,21512705,9008035,30520740,0.2951,BOSCHLTD,2018-03-31
32,2298367184,2040138304,4338505488,0.4702,BPCL,2025-09-30
33,2298367184,2040138304,4338505488,0.4702,BPCL,2025-06-30
34,2298367184,2040138304,4338505488,0.4702,BPCL,2025-03-31
35,2298367184,2040138304,4338505488,0.4702,BPCL,2024-12-31
36,2298367184,2040138304,4338505488,0.4702,BPCL,2024-09-30
37,2298367184,2040138304,4338505488,0.4702,BPCL,2024-06-30
38,2298367184,2040138304,4338505488,0.4702,BPCL,2024-06-24
39,1149183592,1020069152,2169252744,0.4702,BPCL,2024-03-31
40,1149183592,1013232204,2169252744,0.4671,BPCL,2023-12-31
41,1149183592,1013232204,2169252744,0.4671,BPCL,2023-09-30
42,1149183592,1013232204,2169252744,0.4671,BPCL,2023-06-30
43,1149183592,1013232204,2169252744,0.4671,BPCL,2023-03-31
44,1149183592,1013232204,2169252744,0.4671,BPCL,2022-12-31
45,1149183592,1020069152,2169252744,0.4702,BPCL,2022-09-30
46,1149183592,1013232204,2169252744,0.4671,BPCL,2022-06-30
47,1149183592,1013232204,2169252744,0.4671,BPCL,2022-03-31
48,1149183592,1013232204,2169252744,0.4671,BPCL,2021-12-31
49,1149183592,1013232204,2169252744,0.4671,BPCL,2021-09-30
50,1149183592,1013183979,2169252744,0.4671,BPCL,2021-06-30
51,1149183592,976690127,2169252744,0.4502,BPCL,2021-03-31
52,1149183592,976690127,2169252744,0.4502,BPCL,2020-12-31
53,1149183592,1020069152,2169252744,0.4702,BPCL,2020-09-30
54,1149183592,1020069152,2169252744,0.4702,BPCL,2020-06-30
55,1149183592,1020069152,2169252744,0.4702,BPCL,2020-03-31
56,1149183592,1020069152,2169252744,0.4702,BPCL,2019-12-31
57,1156095962,1013156782,2169252744,0.4671,BPCL,2019-09-30
58,1156095962,1013156782,2169252744,0.4671,BPCL,2019-06-30
59,1156095962,1013156782,2169252744,0.4671,BPCL,2019-03-31
60,1169945869,999306875,2169252744,0.4607,BPCL,2018-12-31
61,1169945869,999306875,2169252744,0.4607,BPCL,2018-09-30
62,1169002765,1000249979,2169252744,0.4611,BPCL,2018-06-30
63,1178095019,991157725,2169252744,0.4569,BPCL,2018-03-31
64,121752892,119115404,240868296,0.4945,BRITANNIA,2025-09-30
65,121752892,119115404,240868296,0.4945,BRITANNIA,2025-06-30
66,121752892,119115404,240868296,0.4945,BRITANNIA,2025-03-31
67,121752892,119115404,240868296,0.4945,BRITANNIA,2024-12-31
68,121752892,119115404,240868296,0.4945,BRITANNIA,2024-09-30
69,121752892,119115404,240868296,0.4945,BRITANNIA,2024-06-30
70,121752892,119115404,240868296,0.4945,BRITANNIA,2024-03-31
71,121752892,119115404,240868296,0.4945,BRITANNIA,2023-12-31
72,121752892,119115404,240868296,0.4945,BRITANNIA,2023-09-30
73,121752892,119115404,240868296,0.4945,BRITANNIA,2023-06-30
74,121752892,119115404,240868296,0.4945,BRITANNIA,2023-03-31
75,121752892,119115404,240868296,0.4945,BRITANNIA,2022-12-31
76,121752892,119115404,240868296,0.4945,BRITANNIA,2022-09-30
77,121752892,119115404,240868296,0.4945,BRITANNIA,2022-06-30
78,121752892,119115404,240868296,0.4945,BRITANNIA,2022-03-31
79,121752892,119115404,240868296,0.4945,BRITANNIA,2021-12-31
80,121752892,119115404,240868296,0.4945,BRITANNIA,2021-09-30
81,121752892,119115404,240868296,0.4945,BRITANNIA,2021-06-30
82,121752892,119115404,240868296,0.4945,BRITANNIA,2021-03-31
83,121752892,119115404,240868296,0.4945,BRITANNIA,2020-12-31
84,121752892,118972738,240725630,0.4942,BRITANNIA,2020-09-30
85,121752892,118798738,240551630,0.4939,BRITANNIA,2020-06-30
86,121749742,118718554,240468296,0.4937,BRITANNIA,2020-03-31
87,121748992,118719304,240468296,0.4937,BRITANNIA,2019-12-31
88,121745792,118572502,240318294,0.4934,BRITANNIA,2019-09-30
89,121745792,118572502,240318294,0.4934,BRITANNIA,2019-06-30
90,121745792,118572502,240318294,0.4934,BRITANNIA,2019-03-31
91,121745792,118572502,240318294,0.4934,BRITANNIA,2018-12-31
92,60872896,59286251,120159147,0.4934,BRITANNIA,2018-09-30
93,60872896,59186252,120059148,0.493,BRITANNIA,2018-06-30
94,60872896,59186252,120059148,0.493,BRITANNIA,2018-03-31
95,0,9072885639,9650350647,0.9402,ETERNAL,2025-03-31
96,0,9064966438,9650350647,0.9393,ETERNAL,2024-12-31
97,0,9064961078,9650350647,0.9393,ETERNAL,2024-12-02
98,0,9064961078,9172815802,0.9882,ETERNAL,2024-11-29
99,0,8721763314,8834375172,0.9873,ETERNAL,2024-09-30
100,0,8698831995,8826985307,0.9855,ETERNAL,2024-06-30
101,0,8680255038,8819783744,0.9842,ETERNAL,2024-03-31
102,0,8566550026,8710915663,0.9834,ETERNAL,2023-12-31
103,0,8448236050,8604446215,0.9818,ETERNAL,2023-09-30
104,0,8399493036,8579187036,0.9791,ETERNAL,2023-06-30
105,0,8363975413,8553509770,0.9778,ETERNAL,2023-03-31
106,0,8358112042,8551744588,0.9774,ETERNAL,2022-12-31
107,0,8336601290,8548736288,0.9752,ETERNAL,2022-09-30
108,0,8336221266,8548736288,0.9751,ETERNAL,2022-08-10
109,0,7652276693,7873654676,0.9719,ETERNAL,2022-06-30
110,0,7642940578,7871932776,0.9709,ETERNAL,2022-03-31
111,0,7637996179,7871390076,0.9703,ETERNAL,2021-12-31
112,0,7565347476,7845179676,0.9643,ETERNAL,2021-09-30
113,0,7565347476,7845179676,0.9643,ETERNAL,2021-07-22
114,69488181,130579679,200067860,0.6527,HEROMOTOCO,2025-09-30
115,69488181,130527527,200015708,0.6526,HEROMOTOCO,2025-06-30
116,69488181,130522655,200010836,0.6526,HEROMOTOCO,2025-03-31
117,69488181,130511350,199999531,0.6526,HEROMOTOCO,2024-12-31
118,69488181,130491937,199980118,0.6525,HEROMOTOCO,2024-09-30
119,69488181,130442929,199931110,0.6524,HEROMOTOCO,2024-06-30
120,69488181,130433560,199921741,0.6524,HEROMOTOCO,2024-03-31
121,69488181,130398972,199887153,0.6524,HEROMOTOCO,2023-12-31
122,69488181,130380797,199868978,0.6523,HEROMOTOCO,2023-09-30
123,69488181,130353473,199841654,0.6523,HEROMOTOCO,2023-06-30
124,69488181,130351537,199839718,0.6523,HEROMOTOCO,2023-03-31
125,69488181,130342252,199830433,0.6523,HEROMOTOCO,2022-12-31
126,69488181,130334052,199822233,0.6523,HEROMOTOCO,2022-09-30
127,69488181,130330472,199818653,0.6522,HEROMOTOCO,2022-06-30
128,69442081,130369860,199811941,0.6525,HEROMOTOCO,2022-03-31
129,69442081,130363150,199805231,0.6525,HEROMOTOCO,2021-12-31
130,69442081,130352119,199794200,0.6524,HEROMOTOCO,2021-09-30
131,69442081,130347808,199789889,0.6524,HEROMOTOCO,2021-06-30
132,69442081,130338136,199780217,0.6524,HEROMOTOCO,2021-03-31
133,69442081,130325529,199767610,0.6524,HEROMOTOCO,2020-12-31
134,69442081,130307442,199749523,0.6524,HEROMOTOCO,2020-09-30
135,69442081,130298961,199741042,0.6523,HEROMOTOCO,2020-06-30
136,69166082,130573286,199739368,0.6537,HEROMOTOCO,2020-03-31
137,69166082,130571156,199737238,0.6537,HEROMOTOCO,2019-12-31
138,69166082,130560802,199726884,0.6537,HEROMOTOCO,2019-09-30
139,69166082,130560802,199726884,0.6537,HEROMOTOCO,2019-06-30
140,69166082,130560802,199726884,0.6537,HEROMOTOCO,2019-03-31
141,69166082,130553257,199719339,0.6537,HEROMOTOCO,2018-12-31
142,69166082,130545373,199711455,0.6537,HEROMOTOCO,2018-09-30
143,69166082,130545373,199711455,0.6537,HEROMOTOCO,2018-06-30
144,69166082,130545373,199711455,0.6537,HEROMOTOCO,2018-03-31
145,160731597,225832238,386563835,0.5842,INDIGO,2025-09-30
146,168291147,218219073,386510220,0.5646,INDIGO,2025-06-30
147,190390297,196033072,386423369,0.5073,INDIGO,2025-03-31
148,190389697,196000652,386390349,0.5073,INDIGO,2024-12-31
149,190389597,195871612,386261209,0.5071,INDIGO,2024-09-30
150,213414530,172565159,385979689,0.4471,INDIGO,2024-06-30
151,221133403,164845286,385978689,0.4271,INDIGO,2024-03-31
152,243633003,142312135,385945138,0.3687,INDIGO,2023-12-31
153,243992708,141798211,385790919,0.3676,INDIGO,2023-09-30
154,261289323,124257776,385547099,0.3223,INDIGO,2023-06-30
155,261647673,123899426,385547099,0.3214,INDIGO,2023-03-31
156,277247673,108227115,385474788,0.2808,INDIGO,2022-12-31
157,277247673,108186915,385434588,0.2807,INDIGO,2022-09-30
158,288047673,97207056,385254729,0.2523,INDIGO,2022-06-30
159,288047673,97207056,385254729,0.2523,INDIGO,2022-03-31
160,288047623,97143289,385190912,0.2522,INDIGO,2021-12-31
161,288047623,97099166,385146789,0.2521,INDIGO,2021-09-30
162,288047623,96862377,384910000,0.2516,INDIGO,2021-06-30
163,288047623,96862377,384910000,0.2516,INDIGO,2021-03-31
164,288052623,96810877,384863500,0.2515,INDIGO,2020-12-31
165,288052623,96743656,384796279,0.2514,INDIGO,2020-09-30
166,288052623,96743656,384796279,0.2514,INDIGO,2020-06-30
167,288052623,96743656,384796279,0.2514,INDIGO,2020-03-31
168,288052623,96743656,384796279,0.2514,INDIGO,2019-12-31
169,288052623,96604180,384656803,0.2511,INDIGO,2019-09-30
170,288052623,96604180,384656803,0.2511,INDIGO,2019-06-30
171,288052623,96354215,384406838,0.2507,INDIGO,2019-03-31
172,288052623,96354215,384406838,0.2507,INDIGO,2018-12-31
173,288052623,96354215,384406838,0.2507,INDIGO,2018-09-30
174,288052623,96354215,384406838,0.2507,INDIGO,2018-06-30
175,288052623,96354215,384406838,0.2507,INDIGO,2018-03-31
176,203169279,93179839,296416766,0.3144,LTIM,2025-09-30
177,203169279,93159423,296349514,0.3144,LTIM,2025-06-30
178,203169279,93103642,296285542,0.3142,LTIM,2025-03-31
179,203169279,93037024,296285542,0.314,LTIM,2024-12-31
180,203169279,92956153,296183914,0.3138,LTIM,2024-09-30
181,203169279,92903731,296163369,0.3137,LTIM,2024-06-30
182,203169279,92994090,296163369,0.314,LTIM,2024-03-31
183,203169279,92801823,295973298,0.3135,LTIM,2023-12-31
184,203169279,92736569,295913763,0.3134,LTIM,2023-09-30
185,203169279,92692032,295887912,0.3133,LTIM,2023-06-30
186,203169279,92637442,295822779,0.3132,LTIM,2023-03-31
187,203169279,92608955,295798429,0.3131,LTIM,2022-12-31
188,129784034,45592037,175376071,0.26,LTIM,2022-09-30
189,129784034,45537166,175321200,0.2597,LTIM,2022-06-30
190,129784034,45486122,175270156,0.2595,LTIM,2022-03-31
191,129784034,45438762,175222796,0.2593,LTIM,2021-12-31
192,129784034,45389812,175173846,0.2591,LTIM,2021-09-30
193,129784034,45008774,174792808,0.2575,LTIM,2021-06-30
194,129784034,44966574,174750608,0.2573,LTIM,2021-03-31
195,129784034,44859554,174643588,0.2569,LTIM,2020-12-31
196,129784034,44759247,174543281,0.2564,LTIM,2020-09-30
197,129784034,44398695,174182729,0.2549,LTIM,2020-06-30
198,129784034,44342735,174126769,0.2547,LTIM,2020-03-31
199,129784034,44241390,174025424,0.2542,LTIM,2019-12-31
200,129784034,44146532,173930566,0.2538,LTIM,2019-09-30
201,129784034,43745092,173529126,0.2521,LTIM,2019-06-30
202,129784034,43726050,173510084,0.252,LTIM,2019-03-31
203,129784034,43633145,173417179,0.2516,LTIM,2018-12-31
204,129784034,43261345,173045379,0.25,LTIM,2018-09-30
205,140311322,31760082,172071404,0.1846,LTIM,2018-06-30
206,230777699,741458732,972236431,0.7626,MAXHEALTH,2025-09-30
207,230777699,741369144,972146843,0.7626,MAXHEALTH,2025-06-30
208,230777699,741364354,972142053,0.7626,MAXHEALTH,2025-03-31
209,230777699,741354354,972132053,0.7626,MAXHEALTH,2024-12-31
210,230777699,741354354,972132053,0.7626,MAXHEALTH,2024-09-30
211,230777699,741134709,971912408,0.7626,MAXHEALTH,2024-06-30
212,230807699,741104709,971912408,0.7625,MAXHEALTH,2024-03-31
213,230807699,741018336,971826035,0.7625,MAXHEALTH,2023-12-31
214,230807699,740772621,971580320,0.7624,MAXHEALTH,2023-09-30
215,230807699,740609534,971417233,0.7624,MAXHEALTH,2023-06-30
216,230807699,740115126,970922825,0.7623,MAXHEALTH,2023-03-31
217,230807699,739915828,970723527,0.7622,MAXHEALTH,2022-12-31
218,491004461,478629931,969634392,0.4936,MAXHEALTH,2022-06-30
219,491004461,478608994,969613455,0.4936,MAXHEALTH,2022-03-31
220,588369542,381218982,969588524,0.3932,MAXHEALTH,2021-12-31
221,588369542,377575464,965945006,0.3909,MAXHEALTH,2021-09-30
222,680617329,285327677,965945006,0.2954,MAXHEALTH,2021-06-30
223,680617329,285327677,965945006,0.2954,MAXHEALTH,2021-03-31
224,680617329,285327677,965945006,0.2954,MAXHEALTH,2021-03-10
225,680617329,223915195,904532524,0.2475,MAXHEALTH,2020-12-31
226,680617329,223915195,904532524,0.2475,MAXHEALTH,2020-09-30
227,743897612,160634912,904532524,0.1776,MAXHEALTH,2020-08-21
228,555000000,447568002,1002568002,0.4464,SBILIFE,2025-09-30
229,555000000,447351320,1002351320,0.4463,SBILIFE,2025-06-30
230,555000000,447135083,1002135083,0.4462,SBILIFE,2025-03-31
231,555000000,447089000,1002089000,0.4462,SBILIFE,2024-12-31
232,555000000,446923954,1001923954,0.4461,SBILIFE,2024-09-30
233,555000000,446576855,1001576855,0.4459,SBILIFE,2024-06-30
234,555000000,446465465,1001465465,0.4458,SBILIFE,2024-03-31
235,555000000,446240203,1001240203,0.4457,SBILIFE,2023-12-31
236,555000000,446090309,1001090309,0.4456,SBILIFE,2023-09-30
237,555000000,445965645,1000965645,0.4455,SBILIFE,2023-06-30
238,555000000,445894759,1000894759,0.4455,SBILIFE,2023-03-31
239,555000000,445831191,1000831191,0.4455,SBILIFE,2022-12-31
240,555000000,445713656,1000713656,0.4454,SBILIFE,2022-09-30
241,555037374,445441401,1000478775,0.4452,SBILIFE,2022-06-30
242,555037374,445333188,1000370562,0.4452,SBILIFE,2022-03-31
243,557040986,443242312,1000283298,0.4431,SBILIFE,2021-12-31
244,557040986,443172327,1000213313,0.4431,SBILIFE,2021-09-30
245,557040986,443104459,1000145445,0.443,SBILIFE,2021-06-30
246,557040986,443029922,1000070908,0.443,SBILIFE,2021-03-31
247,607007092,393051585,1000058677,0.393,SBILIFE,2020-12-31
248,607007092,393042037,1000049129,0.393,SBILIFE,2020-09-30
249,607007092,393032871,1000039963,0.393,SBILIFE,2020-06-30
250,628007092,372019203,1000026295,0.372,SBILIFE,2020-03-31
251,628007092,371996849,1000003941,0.372,SBILIFE,2019-12-31
252,628007092,371992908,1000000000,0.372,SBILIFE,2019-09-30
253,673007092,326992908,1000000000,0.327,SBILIFE,2019-06-30
254,698007092,301992908,1000000000,0.302,SBILIFE,2019-03-31
255,841000000,159000000,1000000000,0.159,SBILIFE,2018-12-31
256,841000000,159000000,1000000000,0.159,SBILIFE,2018-09-30
257,841000000,159000000,1000000000,0.159,SBILIFE,2018-06-30
258,841000000,159000000,1000000000,0.159,SBILIFE,2018-03-31
259,477581380,1403426503,1881007883,0.7461,SHRIRAMFIN,2025-09-30
260,477581380,1403061844,1880643224,0.7461,SHRIRAMFIN,2025-06-30
261,477581380,1402802500,1880383880,0.746,SHRIRAMFIN,2025-03-31
262,95516276,280542501,376058777,0.746,SHRIRAMFIN,2024-12-31
263,95516276,280472988,375989264,0.746,SHRIRAMFIN,2024-09-30
264,95516276,280395332,375911608,0.7459,SHRIRAMFIN,2024-06-30
265,95516276,280276534,375792810,0.7458,SHRIRAMFIN,2024-03-31
266,95516276,280078743,375595019,0.7457,SHRIRAMFIN,2023-12-31
267,95516276,279830807,375347083,0.7455,SHRIRAMFIN,2023-09-30
268,95516276,279320508,374836784,0.7452,SHRIRAMFIN,2023-06-30
269,95516276,278911000,374427276,0.7449,SHRIRAMFIN,2023-03-31
270,94692818,279734458,374427276,0.7471,SHRIRAMFIN,2022-12-31
271,94499775,279927501,374427276,0.7476,SHRIRAMFIN,2022-12-12
272,79452514,191067199,270519713,0.7063,SHRIRAMFIN,2022-09-30
273,79252014,191267699,270519713,0.707,SHRIRAMFIN,2022-06-30
274,71550432,198969281,270519713,0.7355,SHRIRAMFIN,2022-03-31
275,70494053,200025660,270519713,0.7394,SHRIRAMFIN,2021-12-31
276,68757953,200025660,268783613,0.7442,SHRIRAMFIN,2021-09-30
277,67021853,200025660,267047513,0.749,SHRIRAMFIN,2021-06-30
278,67021853,200025660,267047513,0.749,SHRIRAMFIN,2021-06-12
279,67021853,186039660,253061513,0.7352,SHRIRAMFIN,2021-03-31
280,67021853,186039660,253061513,0.7352,SHRIRAMFIN,2020-12-31
281,67021853,186039660,253061513,0.7352,SHRIRAMFIN,2020-09-30
282,67021853,186039660,253061513,0.7352,SHRIRAMFIN,2020-08-06
283,59554984,167327752,226882736,0.7375,SHRIRAMFIN,2020-06-30
284,59554984,167327752,226882736,0.7375,SHRIRAMFIN,2020-03-31
285,59554984,167327752,226882736,0.7375,SHRIRAMFIN,2019-12-31
286,59554984,167327752,226882736,0.7375,SHRIRAMFIN,2019-09-30
287,59173023,167709713,226882736,0.7392,SHRIRAMFIN,2019-06-30
288,59173023,167709713,226882736,0.7392,SHRIRAMFIN,2019-03-31
289,59173023,167709713,226882736,0.7392,SHRIRAMFIN,2018-12-31
290,59173023,167709713,226882736,0.7392,SHRIRAMFIN,2018-09-30
291,59173023,167709713,226882736,0.7392,SHRIRAMFIN,2018-06-30
292,59173023,167709713,226882736,0.7392,SHRIRAMFIN,2018-03-31
293,131550881,223936580,355487461,0.6299,TRENT,2025-09-30
294,131550881,223936580,355487461,0.6299,TRENT,2025-06-30
295,131550881,223936580,355487461,0.6299,TRENT,2025-03-31
296,131550881,223936580,355487461,0.6299,TRENT,2024-12-31
297,131550881,223936580,355487461,0.6299,TRENT,2024-09-30
298,131550881,223936580,355487461,0.6299,TRENT,2024-06-30
299,131550881,223938940,355489821,0.6299,TRENT,2024-03-31
300,131550881,223936580,355487461,0.6299,TRENT,2023-12-31
301,131550881,223936580,355487461,0.6299,TRENT,2023-09-30
302,131550881,223936580,355487461,0.6299,TRENT,2023-06-30
303,131550881,223936580,355487461,0.6299,TRENT,2023-03-31
304,131550881,223936580,355487461,0.6299,TRENT,2022-12-31
305,131550881,223936580,355487461,0.6299,TRENT,2022-09-30
306,131550881,223936580,355487461,0.6299,TRENT,2022-06-30
307,131550881,223936580,355487461,0.6299,TRENT,2022-03-31
308,131550881,223936580,355487461,0.6299,TRENT,2021-09-30
309,131550881,223936580,355487461,0.6299,TRENT,2021-06-30
310,131550881,223936580,355487461,0.6299,TRENT,2021-03-31
311,131550881,223936580,355487461,0.6299,TRENT,2020-12-31
312,131550881,223936580,355487461,0.6299,TRENT,2020-09-30
313,131550881,223936580,355487461,0.6299,TRENT,2020-06-30
314,131550881,223936580,355487461,0.6299,TRENT,2020-03-31
315,131550881,223936580,355487461,0.6299,TRENT,2019-12-31
316,131550881,223936580,355487461,0.6299,TRENT,2019-09-30
317,131550881,223936580,355487461,0.6299,TRENT,2019-08-06
318,108380150,223936580,332316730,0.6739,TRENT,2019-06-30
319,108380150,223936580,332316730,0.6739,TRENT,2019-03-31
320,108380150,223936580,332316730,0.6739,TRENT,2018-12-31
321,108380150,223936580,332316730,0.6739,TRENT,2018-09-30
322,108380150,223936580,332316730,0.6739,TRENT,2018-06-30
323,108380150,223936580,332316730,0.6739,TRENT,2018-03-31
324,2204867749,1700607377,3910388057,0.4349,VEDL,2025-09-30
325,2204867749,1700607377,3910388057,0.4349,VEDL,2025-06-30
326,2204867749,1700436791,3910388057,0.4349,VEDL,2025-03-31
327,2204867749,1701147789,3910388057,0.435,VEDL,2024-12-31
328,2204867749,1699156463,3910388057,0.4345,VEDL,2024-09-30
329,2204867749,1698936207,3910388057,0.4345,VEDL,2024-07-20
330,2204867749,1505754389,3717206239,0.4051,VEDL,2024-06-30
331,2302831349,1407605793,3717206239,0.3787,VEDL,2024-03-31
332,2368349949,1346496193,3717206239,0.3622,VEDL,2023-12-31
333,2368349949,1345937106,3717206239,0.3621,VEDL,2023-09-30
334,2531849949,1181344015,3717199039,0.3178,VEDL,2023-03-31
335,2590349949,1118641108,3717199039,0.3009,VEDL,2022-12-31
336,2590349949,1118633943,3717199039,0.3009,VEDL,2022-09-30
337,2590349949,1118500027,3717199039,0.3009,VEDL,2022-06-30
338,2590349949,1118155684,3717199039,0.3008,VEDL,2022-03-31
339,2590349949,1117463399,3717199039,0.3006,VEDL,2021-12-31
340,2422849949,1282447788,3717196639,0.345,VEDL,2021-06-30
341,2422849949,1282163667,3717196639,0.3449,VEDL,2021-04-16
342,2048618788,1656384692,3717196639,0.4456,VEDL,2021-03-31
343,2048618788,1655972716,3717196639,0.4455,VEDL,2020-12-31
344,1863618788,1840185345,3717196639,0.495,VEDL,2020-09-30
345,1863618788,1839758761,3717196639,0.4949,VEDL,2020-06-30
346,1863618788,1839199590,3717196639,0.4948,VEDL,2020-03-31
347,1863618788,1838579149,3717196639,0.4946,VEDL,2019-12-31
348,1863618788,1838579149,3717196639,0.4946,VEDL,2019-09-30
349,1863618788,1838579149,3717196639,0.4946,VEDL,2019-06-30
350,1863618788,1838579149,3717196639,0.4946,VEDL,2019-03-31
351,1863618788,1838579149,3717196639,0.4946,VEDL,2018-12-31
352,1863618788,1844579049,3717196639,0.4962,VEDL,2018-09-30
353,1863618788,1844400583,3717196639,0.4962,VEDL,2018-06-30
354,1863618788,1844343980,3717196639,0.4962,VEDL,2018-03-31
355,0,31354115322,31354115322,1.0,YESBANK,2025-03-31
356,0,31350857549,31350857549,1.0,YESBANK,2024-12-31
357,0,31346885260,31346885260,1.0,YESBANK,2024-09-30
358,0,31335661712,31335661712,1.0,YESBANK,2024-06-30
359,0,31329643483,31329643483,1.0,YESBANK,2024-05-05
360,0,30047763015,30047763015,1.0,YESBANK,2024-04-21
361,0,28767882106,28767882106,1.0,YESBANK,2024-03-31
362,0,28761574292,28761574292,1.0,YESBANK,2023-12-31
363,0,28758015372,28758015372,1.0,YESBANK,2023-09-30
364,0,28755670134,28755670134,1.0,YESBANK,2023-06-30
365,0,28754775334,28754775334,1.0,YESBANK,2023-03-31
366,0,28753327384,28753327384,1.0,YESBANK,2022-12-31
367,0,28752725683,28752725683,1.0,YESBANK,2022-12-13
368,0,25055826731,25055826731,1.0,YESBANK,2022-09-30
369,0,25054980981,25054980981,1.0,YESBANK,2022-06-30
370,0,25054952981,25054952981,1.0,YESBANK,2022-03-31
371,0,25054905981,25054905981,1.0,YESBANK,2021-12-31
372,0,25054905981,25054905981,1.0,YESBANK,2021-09-30
373,0,25054905981,25054905981,1.0,YESBANK,2021-06-30
374,0,25054905981,25054905981,1.0,YESBANK,2021-03-31
375,0,25054905981,25054905981,1.0,YESBANK,2020-12-31
376,0,25054905981,25054905981,1.0,YESBANK,2020-09-30
377,0,25054905981,25054905981,1.0,YESBANK,2020-07-23
378,0,12550472231,12550472231,1.0,YESBANK,2020-06-30
379,177940925,12372531306,12550472231,0.9858,YESBANK,2020-03-31
380,209990925,12340481306,12550472231,0.9833,YESBANK,2020-03-17
381,212490925,2337981306,2550472231,0.9167,YESBANK,2019-12-31
382,332915025,2217417206,2550332231,0.8695,YESBANK,2019-09-30
383,458365025,2091944906,2550309931,0.8203,YESBANK,2019-08-16
384,458365025,1859266763,2317631788,0.8022,YESBANK,2019-06-30
385,458365025,1856668014,2315033039,0.802,YESBANK,2019-03-31
386,458365025,1853949750,2312314775,0.8018,YESBANK,2018-12-31
387,459862250,1849415595,2309277845,0.8009,YESBANK,2018-09-30
388,460712250,1845000845,2305713095,0.8002,YESBANK,2018-06-30
389,460712250,1842254995,2302967245,0.7999,YESBANK,2018-03-31
390,38316284,922203136,960519420,0.9601,ZEEL,2025-09-30
391,38316284,922203136,960519420,0.9601,ZEEL,2025-06-30
392,38316284,922203136,960519420,0.9601,ZEEL,2025-03-31
393,38316284,922203136,960519420,0.9601,ZEEL,2024-12-31
394,38316284,922203136,960519420,0.9601,ZEEL,2024-09-30
395,38316284,922203136,960519420,0.9601,ZEEL,2024-06-30
396,38316284,922203136,960519420,0.9601,ZEEL,2024-03-31
397,38316284,922203136,960519420,0.9601,ZEEL,2023-12-31
398,38316284,922203136,960519420,0.9601,ZEEL,2023-09-30
399,38316284,922203136,960519420,0.9601,ZEEL,2023-06-30
400,38316284,922203136,960519420,0.9601,ZEEL,2023-03-31
401,38316284,922203136,960519420,0.9601,ZEEL,2022-12-31
402,38316284,922203136,960519420,0.9601,ZEEL,2022-09-30
403,38316284,922203136,960519420,0.9601,ZEEL,2022-06-30
404,38316284,922199431,960515715,0.9601,ZEEL,2022-03-31
405,38316284,922199431,960515715,0.9601,ZEEL,2021-12-31
406,38316284,922199431,960515715,0.9601,ZEEL,2021-09-30
407,38316284,922199431,960515715,0.9601,ZEEL,2021-06-30
408,38316284,922188191,960504475,0.9601,ZEEL,2021-03-31
409,38606284,921898191,960504475,0.9598,ZEEL,2020-12-31
410,38606284,921898191,960504475,0.9598,ZEEL,2020-09-30
411,45819874,914684601,960504475,0.9523,ZEEL,2020-06-30
412,45819874,914663361,960483235,0.9523,ZEEL,2020-03-31
413,46795584,913687651,960483235,0.9513,ZEEL,2019-12-31
414,214814405,745667360,960481765,0.7763,ZEEL,2019-09-30
415,343803945,616677820,960481765,0.6421,ZEEL,2019-06-30
416,366909963,593556537,960466500,0.618,ZEEL,2019-03-31
417,399760212,560706288,960466500,0.5838,ZEEL,2018-12-31
418,399760212,560702858,960463070,0.5838,ZEEL,2018-09-30
419,399760212,560702858,960463070,0.5838,ZEEL,2018-06-30
